time,1,2,3,4
0.000967145,0.000191751,-0.000191751,-0.000191751,-0.000191751
0.006348252,-0.000191751,-0.000191751,-0.000191751,0.000191751
0.011229873,-0.000191751,-0.000191751,-0.000191751,-0.000575252
0.016390324,0.000191751,-0.000191751,-0.000191751,-0.000191751
0.021343947,-0.000191751,-0.000575252,-0.000191751,-0.000191751
0.026741624,0.000191751,-0.000575252,-0.000191751,0.000191751
0.03164196,0.000191751,-0.000575252,-0.000191751,-0.000191751
0.036524534,0.000575252,-0.000575252,-0.000191751,0.000191751
0.041865468,0.000575252,-0.000191751,-0.000575252,0.000191751
0.047656179,0.000575252,-0.000191751,-0.000958753,-0.000191751
0.053511739,0.000575252,-0.000958753,-0.000958753,0.000191751
0.059370279,0.001342254,-0.000958753,-0.000958753,0.000191751
0.064744949,0.002109256,-0.000191751,-0.000958753,-0.000191751
0.070363998,0.001725755,-0.000191751,-0.000958753,-0.000191751
0.075789094,0.001725755,-0.000575252,-0.000958753,-0.000191751
0.081255674,0.002109256,-0.000191751,-0.001342254,0.000191751
0.086241007,0.002876258,-0.000575252,-0.000958753,-0.000191751
0.091800332,0.004026761,-0.000958753,-0.000958753,0.000191751
0.097311616,0.005177264,-0.000958753,-0.000958753,-0.000191751
0.102200985,0.005944266,-0.000958753,-0.000958753,-0.000191751
0.107572556,0.006327767,-0.000958753,-0.000958753,0.000191751
0.112934113,0.005944266,-0.000958753,-0.000958753,-0.000191751
0.11857748,0.005944266,-0.000575252,-0.000575252,-0.000191751
0.123474598,0.005944266,-0.000575252,-0.000958753,0.000191751
0.127910972,0.005944266,-0.000575252,-0.000575252,-0.000191751
0.133288145,0.006327767,-0.000575252,-0.000958753,-0.000191751
0.138397574,0.006327767,-0.000575252,-0.000958753,0.000191751
0.143322229,0.006327767,-0.000575252,-0.000958753,-0.000191751
0.148300648,0.006327767,-0.000575252,-0.000958753,-0.000191751
0.153662562,0.006327767,-0.000575252,-0.000958753,0.000191751
0.1585536,0.006711268,-0.000575252,-0.000958753,0.000191751
0.163915634,0.006327767,-0.000575252,-0.000575252,0.000191751
0.169107437,0.006327767,-0.000958753,-0.000958753,0.000191751
0.175032496,0.006327767,-0.000958753,-0.000958753,-0.000191751
0.179937482,0.006327767,-0.000958753,-0.000958753,0.000191751
0.185354352,0.006327767,-0.001342254,-0.000958753,0.000191751
0.190467358,0.006327767,-0.001342254,-0.000958753,0.000191751
0.195856214,0.005944266,-0.001725755,-0.000575252,0.000191751
0.200738788,0.005944266,-0.000958753,-0.000958753,-0.000191751
0.206101179,0.006327767,-0.000958753,-0.000958753,0.000191751
0.211477637,0.006327767,-0.000958753,-0.000191751,0.000191751
0.217122793,0.006327767,-0.000958753,-0.000958753,0.000191751
0.222510815,0.006327767,-0.001342254,-0.000958753,0.000191751
0.227703929,0.006327767,-0.001725755,-0.000575252,0.000191751
0.233073115,0.006327767,-0.001725755,-0.000575252,0.000191751
0.238437772,0.006327767,-0.001725755,-0.000958753,0.000191751
0.244078398,0.006327767,-0.001725755,-0.000575252,0.000191751
0.249458432,0.006327767,-0.001725755,-0.000575252,0.000575252
0.254819036,0.006327767,-0.001725755,-0.000958753,0.000191751
0.261213064,0.005944266,-0.001342254,-0.000958753,0.000191751
0.266844392,0.006327767,-0.001342254,-0.000575252,0.000191751
0.272700191,0.006327767,-0.001342254,-0.000958753,0.000191751
0.277867198,0.005944266,-0.001342254,-0.000575252,0.000191751
0.283245445,0.006327767,-0.001342254,-0.000958753,0.000191751
0.28861618,0.006327767,-0.001342254,-0.000958753,0.000191751
0.293786407,0.006327767,-0.001342254,-0.000958753,0.000191751
0.29963696,0.006327767,-0.001725755,-0.000958753,0.000191751
0.3050102,0.006711268,-0.001342254,-0.000958753,0.000191751
0.310386777,0.006327767,-0.001725755,-0.000958753,0.000191751
0.316014051,0.006327767,-0.001342254,-0.000958753,0.000191751
0.320914984,0.006327767,-0.000958753,-0.000958753,0.000191751
0.327528,0.006327767,-0.001725755,-0.000958753,0.000191751
0.335412621,0.006327767,-0.001725755,-0.000958753,0.000191751
0.342463732,0.006327767,-0.001725755,-0.000958753,0.000191751
0.349798083,0.006327767,-0.001725755,-0.001342254,0.000191751
0.355670094,0.006327767,-0.001342254,-0.001342254,0.000191751
0.361026883,0.006327767,-0.001342254,-0.000958753,0.000191751
0.366188765,0.006327767,-0.001725755,-0.000575252,0.000191751
0.371579885,0.006327767,-0.001342254,-0.000575252,0.000191751
0.376958013,0.006327767,-0.001725755,-0.000191751,0.000191751
0.382666349,0.006327767,-0.001342254,-0.000958753,0.000191751
0.388028383,0.006327767,-0.001725755,-0.001342254,0.000191751
0.393451333,0.005944266,-0.001725755,-0.000958753,0.000191751
0.399311781,0.005944266,-0.001725755,-0.000958753,0.000191751
0.404936671,0.006327767,-0.001342254,-0.000958753,0.000191751
0.4103266,0.006327767,-0.001342254,-0.000575252,0.000191751
0.41596508,0.006327767,-0.001725755,-0.000958753,0.000191751
0.421383143,0.006711268,-0.001342254,-0.000958753,0.000191751
0.427251935,0.006327767,-0.001725755,-0.000575252,0.000191751
0.433139801,0.006711268,-0.001725755,-0.000958753,0.000191751
0.438513398,0.006327767,-0.001342254,-0.000575252,0.000191751
0.44415915,0.006711268,-0.000958753,-0.000575252,-0.000191751
0.449752092,0.006327767,-0.000958753,-0.000575252,-0.000191751
0.455163002,0.006327767,-0.001342254,-0.000958753,0.000191751
0.460626602,0.005944266,-0.000958753,-0.000575252,0.000191751
0.465801239,0.006327767,-0.001725755,-0.000575252,0.000191751
0.471205711,0.006327767,-0.001342254,-0.000958753,0.000191751
0.476580024,0.006327767,-0.001342254,-0.001342254,0.000191751
0.482240677,0.006327767,-0.001342254,-0.000958753,0.000191751
0.488092661,0.006327767,-0.001342254,-0.000958753,0.000191751
0.493561864,0.006327767,-0.001342254,-0.000958753,0.000191751
0.499450684,0.006327767,-0.001342254,-0.000958753,0.000191751
0.505305767,0.006327767,-0.001342254,-0.000958753,0.000191751
0.510687351,0.006327767,-0.001342254,-0.000575252,0.000191751
0.51655972,0.006327767,-0.001342254,-0.000958753,0.000575252
0.522241712,0.006327767,-0.001342254,-0.000958753,0.000191751
0.52839458,0.006327767,-0.001342254,-0.000958753,-0.000191751
0.534272909,0.006327767,-0.001342254,-0.000958753,0.000191751
0.5398283,0.006327767,-0.001342254,-0.000958753,-0.000191751
0.54542613,0.006327767,-0.001725755,-0.000958753,0.000191751
0.551235914,0.006327767,-0.001725755,-0.000958753,0.000191751
0.557104468,0.006327767,-0.001342254,-0.000575252,0.000191751
0.562493086,0.006327767,-0.001342254,-0.000958753,0.000575252
0.568383694,0.006327767,-0.001342254,-0.001342254,0.000191751
0.574255109,0.006327767,-0.000958753,-0.000958753,0.000191751
0.57990098,0.005944266,-0.001342254,-0.001342254,0.000191751
0.585759878,0.005944266,-0.000958753,-0.000575252,-0.000191751
0.591418028,0.005944266,-0.001342254,-0.000958753,0.000575252
0.596921921,0.005944266,-0.001342254,-0.000575252,0.000191751
0.648231387,0.005944266,-0.001342254,-0.000575252,0.000575252
0.654120922,0.006711268,-0.001342254,-0.000575252,0.000191751
0.661462307,0.005944266,-0.001725755,-0.000958753,0.000191751
0.666621804,0.006327767,-0.001725755,-0.000958753,0.000575252
0.672489762,0.005944266,-0.001342254,-0.000958753,0.000191751
0.678634048,0.006327767,-0.001725755,-0.000958753,0.000575252
0.684012055,0.006327767,-0.001725755,-0.000958753,0.000575252
0.689871788,0.006327767,-0.001725755,-0.000575252,0.000191751
0.696015716,0.006327767,-0.001725755,-0.000575252,0.000191751
0.700906396,0.006327767,-0.001342254,-0.000575252,0.000191751
0.705791235,0.006327767,-0.001725755,-0.000575252,0.000191751
0.711151958,0.006327767,-0.001725755,-0.000958753,0.000575252
0.716762304,0.005944266,-0.001342254,-0.000958753,0.000575252
0.723138809,0.006327767,-0.001725755,-0.000958753,0.000575252
0.729288459,0.006327767,-0.001725755,-0.000958753,0.000575252
0.735635877,0.006327767,-0.001342254,-0.000575252,0.000575252
0.74241662,0.006327767,-0.001725755,-0.000958753,0.000191751
0.748809815,0.005944266,-0.001342254,-0.000958753,0.000191751
0.754188776,0.006327767,-0.000958753,-0.000958753,0.000191751
0.760048985,0.006327767,-0.000958753,-0.000958753,0.000575252
0.765491366,0.006327767,-0.001725755,-0.000958753,0.000575252
0.772121906,0.006711268,-0.001342254,-0.000958753,0.000191751
0.778495908,0.006711268,-0.001342254,-0.000958753,0.000575252
0.784362435,0.006327767,-0.001342254,-0.000958753,0.000575252
0.790505052,0.006711268,-0.001342254,-0.000575252,0.000191751
0.797459483,0.006711268,-0.001342254,-0.000575252,0.000575252
0.802832007,0.006711268,-0.001342254,-0.001342254,0.000575252
0.808683753,0.006327767,-0.001725755,-0.001342254,0.000191751
0.815506935,0.006327767,-0.002109256,-0.001342254,0.000575252
0.820698857,0.006327767,-0.002109256,-0.000958753,0.000575252
0.826573014,0.005944266,-0.002109256,-0.001342254,0.000191751
0.832958937,0.006327767,-0.001725755,-0.000958753,0.000575252
0.838321924,0.006327767,-0.001725755,-0.000958753,0.000191751
0.844483137,0.006327767,-0.002109256,-0.000958753,0.000191751
0.850830436,0.005944266,-0.001725755,-0.000958753,0.000191751
0.85696137,0.005944266,-0.002109256,-0.000958753,0.000191751
0.862811565,0.005944266,-0.002109256,-0.000575252,0.000191751
0.868497252,0.005944266,-0.002109256,-0.000575252,0.000575252
0.873937011,0.006327767,-0.002492757,-0.000958753,0.000575252
0.880084991,0.006327767,-0.002876258,-0.000575252,0.000575252
0.88643086,0.005944266,-0.003259759,-0.000958753,0.000191751
0.892584324,0.005944266,-0.00364326,-0.000575252,0.000575252
0.898438811,0.005944266,-0.004026761,-0.000575252,0.000575252
0.904788375,0.005560765,-0.004793763,-0.000958753,0.000575252
0.910664678,0.005560765,-0.004793763,-0.000575252,0.000575252
0.917279482,0.005944266,-0.005177264,-0.001342254,0.000191751
0.923559546,0.005944266,-0.005177264,-0.000958753,0.000575252
0.930278182,0.005944266,-0.004793763,-0.001342254,0.000191751
0.93663466,0.005944266,-0.005177264,-0.000958753,0.000191751
0.942295432,0.006327767,-0.005177264,-0.000958753,0.000191751
0.948162079,0.005944266,-0.005177264,-0.000958753,0.000191751
0.953525186,0.005944266,-0.005177264,-0.000575252,0.000575252
0.959393144,0.005944266,-0.005177264,-0.000575252,0.000191751
0.966004014,0.006327767,-0.005177264,-0.000958753,0.000191751
0.971504569,0.005944266,-0.005177264,-0.000575252,0.000575252
0.977362752,0.006327767,-0.005177264,-0.000958753,0.000575252
0.984035492,0.005944266,-0.005177264,-0.000575252,0.000958753
0.989902496,0.005944266,-0.005560765,-0.000958753,0.000575252
0.995190859,0.006327767,-0.005177264,-0.000958753,0.000958753
1.001529813,0.006327767,-0.005177264,-0.001342254,0.001342254
1.007044792,0.006327767,-0.005560765,-0.001342254,0.001342254
1.012422323,0.006327767,-0.005177264,-0.000958753,0.000958753
1.018063068,0.006327767,-0.005177264,-0.000958753,0.000958753
1.024408817,0.006327767,-0.005560765,-0.000575252,0.000575252
1.029811621,0.006327767,-0.005177264,-0.000958753,0.000575252
1.036263108,0.006327767,-0.005560765,-0.001342254,0.000191751
1.042940617,0.006327767,-0.005560765,-0.000575252,0.000191751
1.050264955,0.006327767,-0.005560765,-0.000958753,0.000191751
1.056612492,0.005944266,-0.005560765,-0.000958753,-0.000191751
1.063933611,0.005944266,-0.005177264,-0.000958753,-0.000191751
1.071114063,0.005944266,-0.005560765,-0.000575252,-0.000191751
1.078130007,0.005560765,-0.005560765,-0.000958753,0.000191751
1.084301829,0.005560765,-0.005944266,-0.000575252,0.000191751
1.089673996,0.005944266,-0.005560765,-0.000575252,0.000575252
1.094167113,0.005944266,-0.005560765,-0.000575252,0.000958753
1.100130916,0.005944266,-0.005560765,-0.000575252,0.001342254
1.105575204,0.005944266,-0.005560765,-0.000958753,0.001342254
1.110953808,0.005944266,-0.005560765,-0.000958753,0.001725755
1.116660357,0.005560765,-0.005560765,-0.000575252,0.002109256
1.122841954,0.005560765,-0.005560765,-0.000575252,0.002492757
1.128200293,0.005944266,-0.005560765,-0.000958753,0.002492757
1.133879423,0.005560765,-0.005560765,-0.000958753,0.002876258
1.139111876,0.005944266,-0.005560765,-0.000575252,0.002876258
1.145005107,0.005560765,-0.005560765,-0.000958753,0.00364326
1.150694728,0.005560765,-0.005944266,-0.000958753,0.003259759
1.156077862,0.005944266,-0.005560765,-0.000575252,0.003259759
1.161457062,0.005944266,-0.005944266,-0.000958753,0.003259759
1.167351842,0.005944266,-0.005560765,-0.000575252,0.003259759
1.17370522,0.005560765,-0.005560765,-0.000958753,0.002876258
1.179607034,0.005560765,-0.005560765,-0.000958753,0.003259759
1.185472369,0.005560765,-0.005560765,-0.000958753,0.003259759
1.19134903,0.005944266,-0.005560765,-0.000958753,0.002876258
1.196723938,0.005560765,-0.005560765,-0.000958753,0.003259759
1.202584028,0.005560765,-0.005560765,-0.000958753,0.003259759
1.208445549,0.005560765,-0.005560765,-0.000958753,0.002876258
1.21381247,0.005944266,-0.005560765,-0.001342254,0.003259759
1.21897912,0.005560765,-0.005560765,-0.000958753,0.003259759
1.224844456,0.005560765,-0.005560765,-0.000575252,0.002876258
1.230733752,0.005560765,-0.005560765,-0.000958753,0.002876258
1.2358284,0.005177264,-0.005944266,-0.000958753,0.002876258
1.241524101,0.005560765,-0.005560765,-0.000958753,0.002876258
1.246884108,0.005560765,-0.005560765,-0.000958753,0.002876258
1.25225389,0.005560765,-0.005560765,-0.000958753,0.002876258
1.257624269,0.005944266,-0.005944266,-0.000958753,0.002876258
1.262998343,0.005560765,-0.005560765,-0.001342254,0.003259759
1.268278718,0.005560765,-0.005944266,-0.000958753,0.002876258
1.273658752,0.005560765,-0.005560765,-0.000958753,0.003259759
1.279300332,0.005560765,-0.005944266,-0.000958753,0.003259759
1.284683466,0.005944266,-0.005944266,-0.000958753,0.003259759
1.290533662,0.005560765,-0.005944266,-0.000958753,0.002876258
1.295698881,0.005944266,-0.005944266,-0.000958753,0.003259759
1.301077724,0.005560765,-0.005560765,-0.000958753,0.003259759
1.306937337,0.005944266,-0.005944266,-0.000958753,0.003259759
1.312307715,0.005560765,-0.005944266,-0.000958753,0.003259759
1.317945838,0.005944266,-0.005944266,-0.000958753,0.003259759
1.323890924,0.005560765,-0.005560765,-0.000958753,0.00364326
1.329771519,0.005560765,-0.005944266,-0.001342254,0.003259759
1.33562839,0.005944266,-0.005944266,-0.000958753,0.003259759
1.341286302,0.005944266,-0.005560765,-0.000958753,0.003259759
1.346668839,0.005944266,-0.005944266,-0.000958753,0.003259759
1.352755785,0.005560765,-0.005944266,-0.001342254,0.003259759
1.358113885,0.005560765,-0.006327767,-0.001342254,0.00364326
1.363965511,0.005560765,-0.005560765,-0.000575252,0.00364326
1.369633079,0.005560765,-0.005944266,-0.000958753,0.00364326
1.375510216,0.005944266,-0.005944266,-0.000575252,0.004410262
1.381409526,0.005944266,-0.005944266,-0.000958753,0.004793763
1.387261987,0.005560765,-0.005944266,-0.000958753,0.005944266
1.393903613,0.005560765,-0.005944266,-0.000958753,0.006327767
1.400720716,0.005944266,-0.005944266,-0.000958753,0.006711268
1.407553792,0.005560765,-0.005944266,-0.000958753,0.006711268
1.413709521,0.005944266,-0.005944266,-0.001342254,0.007861771
1.420092702,0.005560765,-0.005944266,-0.001342254,0.009012275
1.425659895,0.005944266,-0.005944266,-0.001342254,0.010162778
1.430562258,0.005560765,-0.005944266,-0.001342254,0.011696781986357152
1.435444593,0.005560765,-0.006327767,-0.001342254,0.013997788278755863
1.440615654,0.005560765,-0.006327767,-0.001342254,0.016682296
1.445576668,0.005560765,-0.005944266,-0.001725755,0.019366803
1.451000452,0.005560765,-0.006327767,-0.001342254,0.022434811
1.456373692,0.005177264,-0.005944266,-0.001342254,0.025886321
1.461286664,0.005560765,-0.005944266,-0.001342254,0.031255335471740864
1.466970086,0.005560765,-0.005944266,-0.001725755,0.039308857495134575
1.4723382,0.005560765,-0.005944266,-0.001725755,0.048896384
1.477730036,0.005560765,-0.006327767,-0.001725755,0.061168417
1.483552098,0.005560765,-0.006327767,-0.001342254,0.07305695
1.488916278,0.005560765,-0.006327767,-0.001342254,0.085712484
1.494579792,0.005177264,-0.006711268,-0.001725755,0.10066902529241695
1.50023365,0.005177264,-0.006327767,-0.001342254,0.11792657248540195
1.505615235,0.004793763,-0.006711268,-0.001725755,0.13556762072712125
1.510968924,0.005177264,-0.006711268,-0.001342254,0.15359217001757308
1.516387463,0.004793763,-0.006711268,-0.001342254,0.17276722245422427
1.521749616,0.004793763,-0.006711268,-0.001725755,0.19501028328073922
1.527626395,0.004410262,-0.006711268,-0.001725755,0.21725334410725416
1.533017516,0.004026761,-0.006711268,-0.001725755,0.24179741122616782
1.538679004,0.004026761,-0.006711268,-0.000958753,0.2678754825400116
1.543735623,0.004026761,-0.006711268,-0.001342254,0.295487558
1.549581289,0.004410262,-0.007094769,-0.001342254,0.3227161325088339
1.554959655,0.004410262,-0.006711268,-0.001342254,0.35301271535874257
1.560322523,0.004410262,-0.006711268,-0.001342254,0.3844598013548488
1.565844893,0.004793763,-0.006711268,-0.001342254,0.4162903883996929
1.571718097,0.004793763,-0.006711268,-0.000958753,0.4527229880293291
1.577480316,0.005177264,-0.006711268,-0.000958753,0.49030609080516463
1.583133936,0.005560765,-0.007094769,-0.001342254,0.5275056925322676
1.588551641,0.005560765,-0.006711268,-0.000958753,0.5627877890157045
1.594207287,0.005560765,-0.006711268,-0.001725755,0.6019048959864719
1.600077629,0.005560765,-0.006711268,-0.001725755,0.6383374956161099
1.605561733,0.005560765,-0.006711268,-0.001725755,0.6763040994406779
1.611022115,0.005560765,-0.006711268,-0.002109256,0.7138872022165135
1.616254091,0.005177264,-0.006711268,-0.002109256,0.7518538060410815
1.621949673,0.005177264,-0.006711268,-0.001725755,0.7882864056707195
1.626902938,0.005177264,-0.006711268,-0.001725755,0.8247190053003557
1.632158041,0.004793763,-0.006711268,-0.001725755,0.8600011017837925
1.637539268,0.004410262,-0.006711268,-0.001342254,0.8960502003646962
1.643196702,0.004026761,-0.006711268,-0.001725755,0.9309487957994005
1.648587823,0.00364326,-0.006711268,-0.001725755,0.9631628838929753
1.65372932,0.002876258,-0.006711268,-0.002109256,0.9953769719865484
1.658688664,0.002109256,-0.006711268,-0.001725755,1.025673554836457
1.663563848,0.001342254,-0.006711268,-0.001725755,1.0532856303452327
1.66875267,0.000191751,-0.006711268,-0.001725755,1.0808977058540101
1.67412734,-0.000575252,-0.006711268,-0.001725755,1.1065922761191231
1.679010153,-0.001725755,-0.006711268,-0.001725755,1.130369341
1.684662461,-0.003259759,-0.006711268,-0.001725755,1.1529959030158174
1.690520525,-0.004793763,-0.006711268,-0.001725755,1.171787454403736
1.695695281,-0.005560765,-0.006711268,-0.001725755,1.1886615005479904
1.700579643,-0.005944266,-0.006327767,-0.002109256,1.203234540399846
1.70594275,-0.006711268,-0.006711268,-0.001725755,1.2155065739593027
1.711801887,-0.006327767,-0.006327767,-0.001725755,1.2254776012263608
1.717445016,-0.005944266,-0.006327767,-0.002109256,1.2289291106649571
1.723309517,-0.005560765,-0.006327767,-0.001342254,1.226244603323826
1.729166269,-0.005177264,-0.006327767,-0.001725755,1.220492087592831
1.735791445,-0.004793763,-0.006327767,-0.001725755,1.2097540582283077
1.741558552,-0.00364326,-0.006711268,-0.001725755,1.1932635131327878
1.747029543,-0.003259759,-0.006327767,-0.001725755,1.1721709554524686
1.751885056,-0.001725755,-0.006327767,-0.001725755,1.1487773914797543
1.757260919,-0.001342254,-0.006327767,-0.001342254,1.1215488170197112
1.762517571,-0.000958753,-0.006327767,-0.001342254,1.0885677268286713
1.767986536,-0.000958753,-0.006327767,-0.001725755,1.0494506198579039
1.77382648,-0.000575252,-0.006327767,-0.001725755,1.0080325065947378
1.779204726,-0.000191751,-0.006327767,-0.001342254,0.9604783765518441
1.785344005,0.000191751,-0.006327767,-0.001725755,0.9060212276317543
1.791729927,0.000191751,-0.006711268,-0.001725755,0.848879571
1.797099948,-0.000191751,-0.006711268,-0.001342254,0.7856018983295883
1.803446889,-0.000575252,-0.006327767,-0.001725755,0.7131202001190466
1.810314298,-0.000191751,-0.006327767,-0.001725755,0.6245314578617212
1.817918777,-0.000575252,-0.006327767,-0.002109256,0.5409282292379238
1.824837565,-0.002492757,-0.006711268,-0.001725755,0.46384451844258656
1.830625892,-0.004410262,-0.006327767,-0.001342254,0.3905958181345781
1.836115837,-0.005944266,-0.006711268,-0.001342254,0.3223326314601014
1.84164238,-0.007861771,-0.006711268,-0.001725755,0.2533024426881578
1.847006679,-0.01092978,-0.006711268,-0.001725755,0.1812042455263505
1.852385402,-0.013614287,-0.006711268,-0.001725755,0.10066902529241695
1.859211206,-0.017832799,-0.006711268,-0.001725755,0.019366803
1.865558148,-0.022434811,-0.006711268,-0.001725755,-0.054265398
1.871715903,-0.025886321,-0.006711268,-0.002109256,-0.131349109
1.877582073,-0.02933783,-0.006327767,-0.002492757,-0.202680304
1.883253694,-0.030488333,-0.006711268,-0.002492757,-0.271710493
1.889161229,-0.030488333,-0.006327767,-0.002492757,-0.341891185
1.894860864,-0.031255335,-0.006711268,-0.002492757,-0.413605881
1.901202798,-0.033172841,-0.006711268,-0.002492757,-0.480718565
1.907061934,-0.036240849,-0.006711268,-0.002492757,-0.547064246
1.912921667,-0.04007586,-0.006711268,-0.002109256,-0.607657412
1.91876471,-0.043527369,-0.006711268,-0.002109256,-0.663648565
1.924370885,-0.04736238,-0.006711268,-0.002492757,-0.714654204
1.929900527,-0.050813889,-0.006711268,-0.002492757,-0.763358838
1.935785532,-0.054265398,-0.006711268,-0.002876258,-0.808995462
1.94117415,-0.057333407,-0.006711268,-0.002876258,-0.84466106
1.946371675,-0.061935419,-0.006711268,-0.002876258,-0.878025651
1.951757789,-0.065386929,-0.006711268,-0.002492757,-0.906021228
1.957325697,-0.069988941,-0.006711268,-0.002492757,-0.927497286
1.962692857,-0.074974455,-0.006711268,-0.002492757,-0.946672339
1.968393445,-0.079959969,-0.006711268,-0.002876258,-0.959327873
1.973760486,-0.08417848,-0.006711268,-0.002492757,-0.968531899
1.979623079,-0.088780493,-0.007094769,-0.002876258,-0.971599907
1.985265613,-0.094533009,-0.007094769,-0.002876258,-0.969682402
1.990660071,-0.099135021,-0.007094769,-0.002876258,-0.963546385
1.996173978,-0.104887537,-0.006711268,-0.002109256,-0.952041353
2.001597285,-0.10987305,-0.006711268,-0.002109256,-0.934400305
2.006908536,-0.114091562,-0.007094769,-0.002109256,-0.912157244
2.012263894,-0.118310074,-0.006711268,-0.002109256,-0.883011165
2.017941714,-0.122145084,-0.007094769,-0.001725755,-0.840826049
2.023876071,-0.125980095,-0.007094769,-0.001342254,-0.800558439
2.029228926,-0.129048103,-0.007094769,-0.000958753,-0.749936301
2.034389019,-0.131349109,-0.006711268,-0.000958753,-0.697013156
2.039753437,-0.132499612,-0.007094769,0.000191751,-0.638337496
2.044931174,-0.133266614,-0.007094769,0.000191751,-0.573525818
2.050300479,-0.132499612,-0.007094769,0.000191751,-0.504879131
2.055724025,-0.132116111,-0.007094769,0.000191751,-0.433164435
2.061179757,-0.131349109,-0.007094769,0.000191751,-0.353396216
2.066750646,-0.130198606,-0.006711268,0.000191751,-0.272860996
2.07204473,-0.127514099,-0.007094769,-0.000191751,-0.196160786
2.077449441,-0.125596593,-0.006711268,0.000191751,-0.115242065
2.082856417,-0.124829591,-0.006711268,0.000191751,-0.035090346
2.088224411,-0.123295587,-0.006711268,0.000191751,0.048129382
2.093396306,-0.122912086,-0.006327767,0.000191751,0.12598009450879566
2.098813534,-0.120994581,-0.006711268,-0.000191751,0.20152980110920105
2.10387063,-0.119077076,-0.006711268,0.000191751,0.27707950770960466
2.109299183,-0.116776069,-0.006711268,-0.000191751,0.35454671955367445
2.114665866,-0.114091562,-0.006711268,-0.000191751,0.42702841776421785
2.11999476,-0.110640053,-0.007094769,-0.000191751,0.49874311387729087
2.125629544,-0.106805042,-0.007094769,-0.000575252,0.5670063005517676
2.130857706,-0.103353533,-0.006711268,-0.000575252,0.6310509756901812
2.135799408,-0.099518522,-0.006711268,-0.001342254,0.6996976634133922
2.14145577,-0.096067013,-0.006711268,-0.000958753,0.762975336
2.147306323,-0.092615503,-0.006711268,-0.000958753,0.8212674958617576
2.152677178,-0.089163994,-0.006711268,-0.000958753,0.8764916468793125
2.158047318,-0.085328983,-0.006711268,-0.000958753,0.9267302842633374
2.162862062,-0.081493973,-0.006327767,-0.001342254,0.9731339111600334
2.168043733,-0.078042463,-0.006327767,-0.001342254,1.0218385443491265
2.173424602,-0.076124958,-0.006327767,-0.000958753,1.0663246660021564
2.178498983,-0.074207453,-0.006327767,-0.001342254,1.109660284508987
2.183939934,-0.071139445,-0.006327767,-0.000958753,1.1483938904310218
2.189288735,-0.068454937,-0.006711268,-0.000958753,1.1832924858657297
2.194760919,-0.065386929,-0.006327767,-0.000958753,1.2128220666181715
2.200153112,-0.060784916,-0.006327767,-0.001342254,1.2350651274446864
2.206083775,-0.056566405,-0.006711268,-0.001342254,1.2488711651990752
2.211549401,-0.054648899,-0.006327767,-0.001725755,1.2588421924661333
2.217718124,-0.050813889,-0.006327767,-0.001342254,1.2626772029534639
2.22359705,-0.048512883,-0.006327767,-0.001342254,1.2607596977097977
2.229447127,-0.046211876,-0.006327767,-0.001342254,1.2553906830275352
2.2354182,-0.044677872,-0.006711268,-0.001342254,1.2419681463218808
2.24110651,-0.042376866,-0.006327767,-0.001725755,1.2231765949339621
2.246460795,-0.039692359,-0.006327767,-0.001725755,1.201700536204914
2.251846552,-0.038158354,-0.006327767,-0.001342254,1.1748554627935999
2.257688284,-0.036240849,-0.006327767,-0.001342254,1.141107370505095
2.263549089,-0.034706845,-0.006327767,-0.001342254,1.097388251
2.269191265,-0.034323344,-0.006327767,-0.001725755,1.0498341209066364
2.274582148,-0.034323344,-0.006327767,-0.001342254,0.9976779782789453
2.279940248,-0.034323344,-0.006327767,-0.001725755,0.9405363220177261
2.285351992,-0.034323344,-0.006327767,-0.001342254,0.8764916468793125
2.291008115,-0.034706845,-0.006327767,-0.001342254,0.8089954623023026
2.296367168,-0.034706845,-0.006327767,-0.001342254,0.7368972651404953
2.301742673,-0.034706845,-0.006327767,-0.001342254,0.6575125480527593
2.307592869,-0.03662435,-0.006711268,-0.000958753,0.5777443299162925
2.312965989,-0.039692359,-0.006327767,-0.001342254,0.4891555876589653
2.318631768,-0.044294371,-0.006711268,-0.001342254,0.4009503464503723
2.324011445,-0.050046887,-0.006327767,-0.001342254,0.3161966146803721
2.329419374,-0.055799403,-0.006711268,-0.001342254,0.22722437137431228
2.335405469,-0.062702421,-0.007094769,-0.000958753,0.13595112177585378
2.340988398,-0.06960544,-0.007094769,-0.001342254,0.048512882664725865
2.346359134,-0.078042463,-0.006711268,-0.001342254,-0.038158354
2.352228403,-0.086862988,-0.007094769,-0.001342254,-0.124829591
2.358132005,-0.094533009,-0.006711268,-0.002109256,-0.201529801
2.363497019,-0.101436027,-0.006711268,-0.002109256,-0.274011499
2.369163632,-0.106421541,-0.006711268,-0.002109256,-0.350711709
2.375029802,-0.110256552,-0.006711268,-0.002876258,-0.421275902
2.380928874,-0.111790556,-0.006711268,-0.00364326,-0.487621583
2.386327147,-0.111407055,-0.007094769,-0.004410262,-0.556268271
2.392060518,-0.111790556,-0.007094769,-0.004793763,-0.619545944
2.397913218,-0.112174057,-0.006711268,-0.005177264,-0.677071102
2.403296113,-0.113708061,-0.007094769,-0.007094769,-0.72769324
2.408660889,-0.116009067,-0.007094769,-0.010162778,-0.779082381
2.414513111,-0.119077076,-0.007094769,-0.013230786,-0.826253009
2.420212984,-0.122145084,-0.006711268,-0.013997788,-0.867671123
2.425610066,-0.12444609,-0.007094769,-0.013614287,-0.902569718
2.431530237,-0.127514099,-0.007094769,-0.013997788,-0.9324828
2.436901689,-0.130198606,-0.006711268,-0.013614287,-0.953575358
2.442306876,-0.132116111,-0.007094769,-0.013614287,-0.969298901
2.447053194,-0.133266614,-0.007094769,-0.013997788,-0.980420431
2.452423811,-0.135567621,-0.007094769,-0.013614287,-0.985022444
2.457807422,-0.137868627,-0.007094769,-0.013230786,-0.982337936
2.463217497,-0.139402631,-0.007094769,-0.013230786,-0.975434917
2.468695998,-0.140936635,-0.007094769,-0.013230786,-0.963929886
2.474073172,-0.142087139,-0.006711268,-0.012847285,-0.945905337
2.480153918,-0.14247064,-0.007094769,-0.012463784,-0.920210766
2.485648752,-0.142087139,-0.007094769,-0.011696782,-0.89221519
2.490700841,-0.141703638,-0.00747827,-0.011313281,-0.8592341
2.496000409,-0.140936635,-0.007094769,-0.010546279,-0.801708942
2.503822207,-0.140936635,-0.007094769,-0.01092978,-0.721557223
2.512608051,-0.140936635,-0.007094769,-0.010162778,-0.641789005
2.519720316,-0.140936635,-0.00747827,-0.010162778,-0.558952779
2.526559592,-0.139786132,-0.007094769,-0.010162778,-0.479951562
2.532603741,-0.139786132,-0.006711268,-0.009779277,-0.415523386
2.537187576,-0.137485126,-0.007094769,-0.009779277,-0.346109696
2.542333961,-0.134800619,-0.007094769,-0.010162778,-0.271326992
2.547642469,-0.13173261,-0.007094769,-0.009779277,-0.195393784
2.552589297,-0.129048103,-0.007094769,-0.010162778,-0.12061108
2.557946801,-0.126363596,-0.007094769,-0.009779277,-0.044294371
2.563115001,-0.124062589,-0.007094769,-0.010162778,0.038158354
2.56857419,-0.121761583,-0.007094769,-0.009779277,0.12406258926513125
2.574243903,-0.117543071,-0.006711268,-0.009779277,0.20114630006046674
2.579535007,-0.112557558,-0.006711268,-0.010162778,0.27477850141720594
2.584708095,-0.10603804,-0.006711268,-0.009779277,0.34687669857901327
2.590071201,-0.100669025,-0.007094769,-0.009779277,0.4220429041306879
2.595502853,-0.093382505,-0.006711268,-0.010162778,0.49644210758489216
2.600886941,-0.086479486,-0.007094769,-0.010162778,0.5670063005517676
2.606351256,-0.079959969,-0.007094769,-0.010162778,0.6341189840800467
2.611713409,-0.073823952,-0.007094769,-0.010162778,0.7035326739007228
2.617387652,-0.068071436,-0.006711268,-0.010162778,0.7599073280644753
2.622279525,-0.062702421,-0.007094769,-0.010162778,0.8155149801307626
2.627154469,-0.057716908,-0.006711268,-0.010162778,0.8676711227584537
2.632324934,-0.053114895,-0.006711268,-0.010162778,0.9171427580450118
2.637207627,-0.048129382,-0.006711268,-0.010162778,0.9666143933315716
2.641970515,-0.04391087,-0.006711268,-0.010162778,1.0118675170820683
2.647262812,-0.040842862,-0.006711268,-0.010162778,1.0571206408325633
2.652633905,-0.038541855,-0.006711268,-0.010162778,1.1000727582906613
2.657567501,-0.037391352,-0.006711268,-0.010162778,1.140340368407628
2.663419366,-0.035857348,-0.006711268,-0.010162778,1.1763894669885318
2.668596268,-0.033172841,-0.006711268,-0.010162778,1.2078365529846415
2.673978091,-0.032022338,-0.006711268,-0.010162778,1.2319971190548227
2.679393888,-0.031255335,-0.006711268,-0.010162778,1.2500216683452745
2.684797883,-0.030488333,-0.006711268,-0.010162778,1.2607596977097977
2.690423369,-0.030488333,-0.006711268,-0.010162778,1.2649782092458608
2.695860505,-0.030104832,-0.006711268,-0.010162778,1.2622937019047296
2.701244712,-0.030104832,-0.006327767,-0.010162778,1.256157685125002
2.707094669,-0.029721331,-0.006711268,-0.010162778,1.2435021505168127
2.712474227,-0.030488333,-0.006711268,-0.010546279,1.2235600959826964
2.718121529,-0.030104832,-0.006327767,-0.010162778,1.2009335341074472
2.723507404,-0.030488333,-0.006327767,-0.010162778,1.174088460696133
2.728866816,-0.029721331,-0.006327767,-0.010162778,1.139573366310163
2.734265447,-0.029721331,-0.006327767,-0.010162778,1.1012232614368607
2.73962903,-0.02933783,-0.006711268,-0.010162778,1.0586546450274952
2.744789958,-0.028954329,-0.006711268,-0.009779277,1.007265504497271
2.750169516,-0.028954329,-0.006327767,-0.010162778,0.9497403471873191
2.755531907,-0.02933783,-0.006327767,-0.010162778,0.8879966783413025
2.761391044,-0.029721331,-0.006711268,-0.010162778,0.8220344979592245
2.76658535,-0.030104832,-0.006711268,-0.010162778,0.7518538060410815
2.771950603,-0.030871834,-0.007094769,-0.010162778,0.6832071183178723
2.777343273,-0.031255335,-0.006711268,-0.010162778,0.605356405
2.783217192,-0.03278934,-0.006327767,-0.010162778,0.5240541830936696
2.788603425,-0.035473847,-0.006711268,-0.010162778,0.44773747439579914
2.793761849,-0.038925356,-0.006711268,-0.010162778,0.3706537636004601
2.799124003,-0.045061373,-0.006711268,-0.010162778,0.2977885643411877
2.804015398,-0.050046887,-0.006711268,-0.010162778,0.2233893608869817
2.809378028,-0.055799403,-0.006711268,-0.010162778,0.14707265218911125
2.814272046,-0.061168417,-0.006711268,-0.010162778,0.06960544
2.819449067,-0.065386929,-0.006711268,-0.010546279,-0.00747827
2.82483995,-0.068838438,-0.006711268,-0.010162778,-0.084945482
2.830719471,-0.072673449,-0.006327767,-0.010162778,-0.158194183
2.836095095,-0.074207453,-0.006711268,-0.010546279,-0.231059382
2.841248751,-0.074590954,-0.006711268,-0.010546279,-0.302390577
2.846675277,-0.075741457,-0.006711268,-0.010546279,-0.371037265
2.852053761,-0.07689196,-0.007094769,-0.010546279,-0.441984959
2.857905269,-0.078042463,-0.007094769,-0.010546279,-0.507563638
2.86278832,-0.079959969,-0.006711268,-0.01092978,-0.573142317
2.868445277,-0.082260975,-0.006711268,-0.01092978,-0.637570494
2.873829842,-0.083027977,-0.006711268,-0.01092978,-0.69471215
2.879192472,-0.083794979,-0.007094769,-0.011313281,-0.751470305
2.884596109,-0.085712484,-0.007094769,-0.011313281,-0.806310955
2.889953375,-0.088013491,-0.007094769,-0.011313281,-0.85578259
2.895120859,-0.089163994,-0.007094769,-0.011313281,-0.904487223
2.900492191,-0.089930996,-0.007094769,-0.011313281,-0.948206343
2.906343937,-0.090697998,-0.007094769,-0.011313281,-0.985022444
2.911721826,-0.092232002,-0.007094769,-0.011696782,-1.014935525
2.916924715,-0.093766006,-0.007094769,-0.011696782,-1.041397098
2.922271729,-0.094149507,-0.007094769,-0.012080283,-1.062106154
2.927673221,-0.096450514,-0.007094769,-0.012080283,-1.078980201
2.933065176,-0.097601017,-0.006711268,-0.011696782,-1.093169739
2.939411283,-0.098368019,-0.007094769,-0.011696782,-1.10083976
2.945293904,-0.100669025,-0.007094769,-0.011696782,-1.10083976
2.950700402,-0.102970032,-0.00747827,-0.011696782,-1.098922255
2.957047582,-0.104504036,-0.007094769,-0.011696782,-1.092402737
2.962909222,-0.106805042,-0.007094769,-0.011696782,-1.0785967
2.968310475,-0.107572044,-0.007094769,-0.011313281,-1.057504142
2.974200368,-0.108722547,-0.007094769,-0.011313281,-1.032960075
2.980053067,-0.110256552,-0.007094769,-0.011313281,-1.003046993
2.986008525,-0.110640053,-0.007094769,-0.011313281,-0.968531899
2.991230011,-0.111407055,-0.007094769,-0.01092978,-0.928264288
2.997145772,-0.111790556,-0.007094769,-0.010546279,-0.886079173
3.002524137,-0.111790556,-0.007094769,-0.010546279,-0.838141542
3.008375049,-0.112174057,-0.007094769,-0.010546279,-0.788286406
3.013745189,-0.111790556,-0.007094769,-0.010546279,-0.733829257
3.019242883,-0.111790556,-0.007094769,-0.010546279,-0.674770095
3.025134087,-0.111407055,-0.007094769,-0.010546279,-0.616477936
3.030124903,-0.110640053,-0.007094769,-0.010546279,-0.55588477
3.035133481,-0.110256552,-0.007094769,-0.010546279,-0.48647108
3.040792942,-0.110640053,-0.007094769,-0.010162778,-0.416290388
3.046640396,-0.110256552,-0.007094769,-0.010546279,-0.342658187
3.052106977,-0.109106048,-0.006711268,-0.010546279,-0.264040472
3.057496667,-0.10603804,-0.007094769,-0.010546279,-0.184655755
3.063350559,-0.104120535,-0.007094769,-0.010546279,-0.104887537
3.068989158,-0.100285524,-0.007094769,-0.010546279,-0.024352317
3.074388266,-0.096834015,-0.007094769,-0.010546279,0.059250912
3.080250859,-0.092615503,-0.007094769,-0.010546279,0.1382521280682525
3.085178137,-0.088396992,-0.007094769,-0.010546279,0.21917084935091857
3.090547681,-0.085328983,-0.007094769,-0.010546279,0.30008957063358643
3.096190333,-0.081493973,-0.006711268,-0.010546279,0.37947428772132064
3.102048397,-0.078042463,-0.006711268,-0.010546279,0.45617449746792715
3.107428789,-0.074974455,-0.006711268,-0.010546279,0.5309572019708639
3.112791896,-0.071139445,-0.006711268,-0.010546279,0.6042059022788706
3.118442297,-0.068454937,-0.007094769,-0.010162778,0.6740030931482792
3.123824477,-0.065003428,-0.007094769,-0.010546279,0.7368972651404953
3.12918663,-0.060784916,-0.007094769,-0.010546279,0.8013254413276414
3.134346008,-0.057716908,-0.007094769,-0.010546279,0.8626856091249238
3.139717221,-0.054265398,-0.007094769,-0.010546279,0.919060263
3.144939423,-0.050813889,-0.006711268,-0.010546279,0.9762019195498972
3.150302052,-0.048129382,-0.006711268,-0.010546279,1.0310425695187178
3.155673623,-0.045828375,-0.006711268,-0.010162778,1.082431710048942
3.161130786,-0.044294371,-0.006711268,-0.010546279,1.136121856871565
3.16671753,-0.043527369,-0.006711268,-0.010162778,1.1932635131327878
3.173561096,-0.043143868,-0.006711268,-0.010546279,1.2431186494680802
3.180401444,-0.042760367,-0.007094769,-0.010162778,1.2914397816084389
3.187263847,-0.041993365,-0.006711268,-0.010162778,1.3294063854330087
3.193877697,-0.041609864,-0.006711268,-0.010162778,1.358552465136718
3.200224757,-0.041993365,-0.006711268,-0.010546279,1.3754265112809705
3.205303907,-0.041609864,-0.006711268,-0.010546279,1.3869315427429605
3.210194469,-0.041609864,-0.006711268,-0.010162778,1.3961355679125536
3.216328859,-0.041993365,-0.006711268,-0.010546279,1.3984365742049505
3.221708417,-0.041609864,-0.006711268,-0.010162778,1.396519068961286
3.227089882,-0.042376866,-0.006711268,-0.010162778,1.390766553230291
3.232961416,-0.042760367,-0.006711268,-0.010162778,1.377344016524635
3.238820791,-0.042376866,-0.006711268,-0.010162778,1.3574019619905187
3.244039774,-0.041993365,-0.006711268,-0.010162778,1.3309403896279406
3.250379682,-0.041226363,-0.006327767,-0.010162778,1.300643806778032
3.256239772,-0.040459361,-0.006711268,-0.010162778,1.266895714489527
3.261669517,-0.039692359,-0.006711268,-0.010162778,1.2258611022750934
3.267323494,-0.039308857,-0.006711268,-0.010546279,1.177539970134731
3.273186207,-0.039692359,-0.006711268,-0.010162778,1.1273013327507062
3.279053211,-0.039692359,-0.006711268,-0.009779277,1.070926678586952
3.284452319,-0.039692359,-0.006711268,-0.009779277,1.0076490055460052
3.290312529,-0.039692359,-0.006711268,-0.009779277,0.9443713325050567
3.295955539,-0.04007586,-0.006711268,-0.009779277,0.8741906405869138
3.30181396,-0.04007586,-0.006711268,-0.009779277,0.8017089423763739
3.307192802,-0.041609864,-0.006711268,-0.009779277,0.730761248
3.312555909,-0.043143868,-0.006327767,-0.009779277,0.6513765312730317
3.318441868,-0.045061373,-0.006327767,-0.009395776,0.5704578099903657
3.323831797,-0.049279885,-0.006711268,-0.009779277,0.49068959185389716
3.329196215,-0.054265398,-0.006711268,-0.009779277,0.4116883758148955
3.334603548,-0.059634413,-0.006711268,-0.009779277,0.33115315558096015
3.339972615,-0.066153931,-0.006711268,-0.009779277,0.25138493744449164
3.345307827,-0.072673449,-0.006711268,-0.009779277,0.16624770462576244
3.351116896,-0.078425964,-0.006711268,-0.009779277,0.083411478
3.356976151,-0.08417848,-0.006711268,-0.009779277,0.004410262
3.36240387,-0.088396992,-0.006711268,-0.009779277,-0.079576468
3.368089795,-0.092232002,-0.006711268,-0.010162778,-0.160495189
3.374023914,-0.094533009,-0.006711268,-0.010162778,-0.231826384
3.378966689,-0.095683512,-0.007094769,-0.009779277,-0.30354108
3.384625316,-0.096067013,-0.006711268,-0.009779277,-0.380624791
3.390764236,-0.096067013,-0.006711268,-0.010162778,-0.451955986
3.396165252,-0.096067013,-0.007094769,-0.009779277,-0.521753177
3.401551605,-0.096450514,-0.006327767,-0.010162778,-0.591550368
3.4074018,-0.097601017,-0.006711268,-0.010162778,-0.66556607
3.413750887,-0.099518522,-0.007094769,-0.010546279,-0.728076741
3.419490218,-0.100285524,-0.007094769,-0.010546279,-0.785985399
3.42487967,-0.100285524,-0.007094769,-0.010546279,-0.842360054
3.430475235,-0.100285524,-0.007094769,-0.010546279,-0.892598691
3.435665369,-0.099902023,-0.007094769,-0.010546279,-0.940536322
3.441292405,-0.100285524,-0.006327767,-0.01092978,-0.983104938
3.44702518,-0.101052526,-0.007094769,-0.01092978,-1.019537538
3.452401757,-0.101819528,-0.007094769,-0.011313281,-1.050984624
3.45825994,-0.102586531,-0.007094769,-0.011313281,-1.075528691
3.463360548,-0.102970032,-0.006711268,-0.011313281,-1.095470746
3.469058752,-0.103737034,-0.007094769,-0.011313281,-1.11157779
3.474970102,-0.105271038,-0.007094769,-0.011313281,-1.121165316
3.48052156,-0.107188543,-0.006711268,-0.011313281,-1.123082821
3.4862746,-0.107572044,-0.00747827,-0.011313281,-1.120398314
3.491843939,-0.108722547,-0.00747827,-0.011313281,-1.113495295
3.497700691,-0.10987305,-0.007094769,-0.011313281,-1.098538754
3.503385901,-0.110640053,-0.007094769,-0.011313281,-1.078213199
3.509297967,-0.110640053,-0.007094769,-0.01092978,-1.051751626
3.515672684,-0.110640053,-0.007094769,-0.010546279,-1.021071542
3.521541238,-0.110256552,-0.007094769,-0.010546279,-0.985789446
3.526936531,-0.110640053,-0.007094769,-0.010546279,-0.94705584
3.531865239,-0.110640053,-0.007094769,-0.010546279,-0.905254226
3.536932349,-0.111407055,-0.007094769,-0.010546279,-0.85578259
3.542568922,-0.111790556,-0.006711268,-0.010546279,-0.801708942
3.54793942,-0.112174057,-0.007094769,-0.010162778,-0.745717789
3.553310752,-0.112557558,-0.007094769,-0.010162778,-0.686275127
3.558689713,-0.112557558,-0.006711268,-0.009779277,-0.625681961
3.564052582,-0.112174057,-0.006711268,-0.010162778,-0.55933628
3.569466591,-0.111790556,-0.007094769,-0.010162778,-0.48992259
3.57533145,-0.111407055,-0.007094769,-0.010162778,-0.418591395
3.580833912,-0.111407055,-0.007094769,-0.010162778,-0.345726195
3.586239457,-0.111023554,-0.006711268,-0.010162778,-0.269409487
3.591895819,-0.111023554,-0.006711268,-0.010162778,-0.198078292
3.597138405,-0.111023554,-0.006711268,-0.010162778,-0.125980095
3.602634549,-0.111023554,-0.006711268,-0.010162778,-0.048129382
3.608008862,-0.110640053,-0.007094769,-0.010162778,0.030104832
3.613860607,-0.109489549,-0.007094769,-0.010162778,0.10373703368228071
3.619000435,-0.107572044,-0.007094769,-0.010162778,0.1827382497212824
3.624789715,-0.106421541,-0.006711268,-0.010162778,0.25982196051661965
3.630650401,-0.104887537,-0.006711268,-0.010162778,0.33307066082462455
3.635827184,-0.103737034,-0.006711268,-0.010162778,0.4067028621813673
3.641527891,-0.102203029,-0.007094769,-0.010162778,0.47880105934317463
3.646831274,-0.100285524,-0.007094769,-0.010162778,0.5489817512613158
3.652702451,-0.097984518,-0.007094769,-0.010162778,0.6183954410819918
3.658080459,-0.095683512,-0.007094769,-0.010162778,0.6824401162204055
3.663444162,-0.092232002,-0.006711268,-0.010162778,0.7434167829689553
3.668843508,-0.089547495,-0.006711268,-0.010162778,0.8047769507662377
3.674721837,-0.086862988,-0.006711268,-0.010162778,0.8634526112223906
3.680581093,-0.083794979,-0.006711268,-0.010162778,0.9159922548988142
3.685983658,-0.080726971,-0.006711268,-0.010162778,0.9666143933315716
3.691648245,-0.078425964,-0.006711268,-0.010162778,1.0210715422516596
3.697800994,-0.076508459,-0.006711268,-0.010162778,1.0663246660021564
3.703162313,-0.074207453,-0.006711268,-0.010162778,1.1085097813627875
3.70899868,-0.071906447,-0.006711268,-0.010162778,1.1480103893822893
3.714370728,-0.070372442,-0.006711268,-0.010162778,1.1806079785245984
3.72003746,-0.069221939,-0.006711268,-0.010162778,1.2093705571795734
3.725444555,-0.067687935,-0.006711268,-0.010162778,1.2342981253472196
3.731040716,-0.066920933,-0.006711268,-0.010162778,1.250405169394007
3.736825466,-0.066920933,-0.006711268,-0.010162778,1.2599926956123326
3.742475391,-0.066920933,-0.006711268,-0.010162778,1.2642112071483957
3.747844577,-0.066537432,-0.006711268,-0.010162778,1.263444205050929
3.753212094,-0.066920933,-0.006327767,-0.010162778,1.2607596977097977
3.759551287,-0.066920933,-0.006327767,-0.010162778,1.251172171491472
3.765409827,-0.066537432,-0.006711268,-0.010162778,1.233914624298487
3.771072268,-0.066153931,-0.006711268,-0.010162778,1.2116715634719721
3.776962161,-0.064619927,-0.006711268,-0.010162778,1.185976993206861
3.78274107,-0.063085923,-0.006711268,-0.010162778,1.1560639114056812
3.788098931,-0.060784916,-0.007094769,-0.010162778,1.1223158191171763
3.793825626,-0.058100409,-0.006711268,-0.010162778,1.0828152110976763
3.799202919,-0.056182904,-0.006711268,-0.010162778,1.0417805988832427
3.80459094,-0.053881897,-0.006711268,-0.010162778,0.994226469
3.810205579,-0.05119739,-0.006327767,-0.009779277,0.9424538272613923
3.815583348,-0.050046887,-0.006711268,-0.010162778,0.891064687
3.821249962,-0.049663386,-0.006711268,-0.010162778,0.8350735336161463
3.826135874,-0.049663386,-0.006711268,-0.010162778,0.7760143721112627
3.831789017,-0.050046887,-0.006327767,-0.010162778,0.7154212064114454
3.837255121,-0.050813889,-0.006711268,-0.010162778,0.6402550008597743
3.843397856,-0.05119739,-0.006711268,-0.010162778,0.5689238057954338
3.849258542,-0.053498396,-0.006711268,-0.010162778,0.47688355409950844
3.85707128,-0.055415902,-0.006711268,-0.010162778,0.3928968244269786
3.863416314,-0.058867411,-0.006711268,-0.010162778,0.30200707587725084
3.869830728,-0.061551918,-0.006327767,-0.010162778,0.23220988500784223
3.8751508,-0.063469424,-0.006711268,-0.009779277,0.16471370043083056
3.880144954,-0.06577043,-0.006711268,-0.010162778,0.092999004
3.885438442,-0.067687935,-0.006711268,-0.010162778,0.017449297717352152
3.890977979,-0.069988941,-0.006711268,-0.010162778,-0.060401415
3.896837473,-0.071139445,-0.007094769,-0.010162778,-0.134800619
3.90172708,-0.072289948,-0.006711268,-0.010162778,-0.211117327
3.907586813,-0.072289948,-0.006711268,-0.010162778,-0.286667034
3.912950754,-0.072673449,-0.006711268,-0.010162778,-0.360299235
3.918371797,-0.07305695,-0.006711268,-0.010162778,-0.430479927
3.923736453,-0.073440451,-0.006711268,-0.010162778,-0.500660619
3.929334998,-0.074207453,-0.007094769,-0.010162778,-0.572758816
3.934987426,-0.074974455,-0.006711268,-0.010162778,-0.642172506
3.940855026,-0.074974455,-0.006711268,-0.010162778,-0.704683177
3.946342587,-0.075357956,-0.006711268,-0.009779277,-0.767193848
3.952205896,-0.075357956,-0.007094769,-0.009779277,-0.826253009
3.95806706,-0.075357956,-0.006711268,-0.010162778,-0.884161668
3.96440804,-0.075357956,-0.006711268,-0.010546279,-0.932099299
3.970059395,-0.075357956,-0.007094769,-0.010162778,-0.975818419
3.975434065,-0.07689196,-0.006711268,-0.010162778,-1.018003534
3.98093319,-0.078425964,-0.007094769,-0.010162778,-1.051751626
3.986320138,-0.079576468,-0.006711268,-0.010546279,-1.08243171
3.991731763,-0.081493973,-0.007094769,-0.010546279,-1.10812628
3.997582912,-0.083027977,-0.007094769,-0.010546279,-1.128451836
4.002954125,-0.083794979,-0.006711268,-0.010546279,-1.14455888
4.008352518,-0.084945482,-0.007094769,-0.010546279,-1.156447412
4.014293671,-0.086862988,-0.006711268,-0.010546279,-1.161432926
4.019980788,-0.088013491,-0.007094769,-0.010546279,-1.158748419
4.025595546,-0.088013491,-0.00747827,-0.010546279,-1.154913408
4.030984521,-0.088780493,-0.007094769,-0.010546279,-1.146476385
4.036262393,-0.088780493,-0.00747827,-0.010546279,-1.131519844
4.04183054,-0.088013491,-0.00747827,-0.010162778,-1.110043786
4.048162818,-0.088013491,-0.007094769,-0.010162778,-1.085116217
4.053539157,-0.088013491,-0.007094769,-0.010162778,-1.055203136
4.059450865,-0.088013491,-0.007094769,-0.010546279,-1.02030454
4.064729571,-0.088013491,-0.007094769,-0.010162778,-0.982337936
4.070387125,-0.087246489,-0.00747827,-0.010162778,-0.939385819
4.07577455,-0.08762999,-0.007094769,-0.010162778,-0.890681186
4.081677318,-0.088013491,-0.007094769,-0.010162778,-0.837758041
4.087323427,-0.088013491,-0.007094769,-0.010162778,-0.781383387
4.092974901,-0.088396992,-0.007094769,-0.010162778,-0.720790221
4.098584652,-0.088013491,-0.007094769,-0.010162778,-0.66173106
4.104425311,-0.088013491,-0.007094769,-0.010162778,-0.595768879
4.109841585,-0.088013491,-0.007094769,-0.010162778,-0.525971688
4.115489245,-0.08762999,-0.007094769,-0.010162778,-0.458092003
4.120815516,-0.088013491,-0.007094769,-0.010162778,-0.386377307
4.126209259,-0.08762999,-0.007094769,-0.010162778,-0.313512107
4.132059813,-0.088396992,-0.007094769,-0.010162778,-0.240263407
4.13793838,-0.088013491,-0.007094769,-0.010162778,-0.161262191
4.143335104,-0.088013491,-0.006711268,-0.009779277,-0.082260975
4.149256349,-0.088013491,-0.006711268,-0.009779277,-0.008245273
4.1546278,-0.08762999,-0.006711268,-0.010162778,0.074590954
4.160580277,-0.08762999,-0.006711268,-0.010162778,0.1597281867973006
4.166625857,-0.087246489,-0.006711268,-0.010162778,0.23642839654390535
4.17247355,-0.086479486,-0.006711268,-0.010162778,0.30852659370571267
4.177849293,-0.085328983,-0.007094769,-0.010162778,0.3848433024035831
4.183499336,-0.083794979,-0.006711268,-0.010162778,0.4565579985166597
4.189358711,-0.081877474,-0.006711268,-0.010162778,0.5263551893860683
4.19451499,-0.079959969,-0.007094769,-0.010162778,0.5976863844504088
4.200366616,-0.077275461,-0.007094769,-0.010162778,0.6621145606375567
4.205737591,-0.073823952,-0.006711268,-0.010162778,0.7219407242399072
4.211186171,-0.069988941,-0.006711268,-0.010162778,0.7833008920371896
4.216352224,-0.066153931,-0.006711268,-0.010162778,0.8435105566882726
4.221730947,-0.06231892,-0.006711268,-0.010162778,0.8987347077058274
4.227130651,-0.059634413,-0.006711268,-0.010162778,0.9516578524309836
4.23309207,-0.057333407,-0.007094769,-0.010162778,1.0041974961074072
4.238455534,-0.053881897,-0.007094769,-0.010162778,1.050217621955369
4.243627548,-0.051580891,-0.006711268,-0.010162778,1.0958542467545982
4.249478102,-0.049663386,-0.006711268,-0.010162778,1.1376558610664969
4.255338311,-0.048512883,-0.006711268,-0.010162778,1.1737049596474005
4.260708094,-0.04736238,-0.006327767,-0.010162778,1.2070695508871765
4.266303182,-0.046211876,-0.006327767,-0.010162778,1.2342981253472196
4.27167821,-0.045828375,-0.006711268,-0.010162778,1.2550071819788027
4.277073145,-0.045061373,-0.006711268,-0.010162778,1.2722647291717895
4.282714367,-0.044677872,-0.006711268,-0.010162778,1.2837697606337795
4.288089991,-0.044294371,-0.006711268,-0.010162778,1.2902892784622413
4.293745756,-0.04391087,-0.006327767,-0.010162778,1.289138775316042
4.299116969,-0.043527369,-0.006327767,-0.010162778,1.2856872658774439
4.304479599,-0.043143868,-0.006327767,-0.010162778,1.278400745951517
4.30985713,-0.043143868,-0.006711268,-0.010162778,1.2642112071483957
4.315222025,-0.042376866,-0.006327767,-0.010162778,1.2450361547117446
4.320866466,-0.041609864,-0.006711268,-0.010162778,1.2201085865440984
4.326249599,-0.040459361,-0.006711268,-0.010162778,1.192496511035321
4.331609726,-0.038925356,-0.006711268,-0.010162778,1.162583429234143
4.336774707,-0.038158354,-0.006711268,-0.010162778,1.1284518358969056
4.341938376,-0.037007851,-0.006711268,-0.010162778,1.087417223682472
4.346821427,-0.037391352,-0.006327767,-0.010162778,1.0421640999319752
4.352687598,-0.037007851,-0.006711268,-0.010162778,0.9911584604504853
4.358143091,-0.037391352,-0.006327767,-0.010162778,0.934016804
4.363512754,-0.037391352,-0.006711268,-0.010162778,0.8795596552691762
4.369169116,-0.038541855,-0.006327767,-0.009779277,0.8185829885206264
4.374548078,-0.04007586,-0.006711268,-0.010162778,0.7533878102360134
4.38040483,-0.042376866,-0.006327767,-0.010162778,0.6885761330001348
4.385819197,-0.045828375,-0.006711268,-0.010162778,0.6160944347895949
4.391473651,-0.049663386,-0.006327767,-0.010162778,0.5443797386765201
4.396844625,-0.053881897,-0.006711268,-0.009779277,0.4761165520020434
4.402223945,-0.059250912,-0.006711268,-0.010162778,0.40171734854783736
4.408074975,-0.063852925,-0.006711268,-0.009779277,0.32731814509362955
4.413445473,-0.069221939,-0.007094769,-0.009779277,0.2563704510780216
4.419105053,-0.074590954,-0.007094769,-0.010162778,0.1812042455263505
4.42447722,-0.079576468,-0.006711268,-0.010162778,0.1133245599006063
4.429942608,-0.084561981,-0.007094769,-0.010162778,0.043527369031197694
4.435012341,-0.088780493,-0.007094769,-0.010162778,-0.028570828
4.440733314,-0.091848501,-0.007094769,-0.010162778,-0.094533009
4.445620775,-0.09491651,-0.007094769,-0.010162778,-0.16087869
4.450992465,-0.096450514,-0.006711268,-0.009779277,-0.229908879
4.456415296,-0.097601017,-0.006711268,-0.010162778,-0.302774078
4.462471843,-0.097984518,-0.006711268,-0.010162778,-0.368352757
4.467877984,-0.09875152,-0.007094769,-0.010162778,-0.435848942
4.473341942,-0.099902023,-0.007094769,-0.010162778,-0.496442108
4.478708267,-0.101436027,-0.007094769,-0.010162778,-0.555501269
4.483869434,-0.102586531,-0.007094769,-0.010546279,-0.61072542
4.489248753,-0.103737034,-0.007094769,-0.010162778,-0.662881563
4.494786501,-0.104887537,-0.00747827,-0.010162778,-0.7131202
4.499682784,-0.105271038,-0.007094769,-0.010162778,-0.759907328
4.505540967,-0.105654539,-0.007094769,-0.010162778,-0.812446972
4.512377858,-0.10603804,-0.007094769,-0.010162778,-0.868821626
4.519990683,-0.106421541,-0.007094769,-0.010162778,-0.91407475
4.527341962,-0.106805042,-0.007094769,-0.010162778,-0.948973345
4.533953071,-0.106805042,-0.007094769,-0.010546279,-0.976585421
4.539897204,-0.107572044,-0.006711268,-0.010546279,-0.996527475
4.545465589,-0.107955545,-0.006711268,-0.010546279,-1.012251018
4.550268412,-0.107955545,-0.007094769,-0.010546279,-1.024523052
4.556168437,-0.108722547,-0.007094769,-0.010546279,-1.032193073
4.561051011,-0.108339046,-0.007094769,-0.010546279,-1.037178586
4.567191601,-0.108722547,-0.007094769,-0.010546279,-1.036028083
4.572570801,-0.108722547,-0.007094769,-0.010546279,-1.032960075
4.578434825,-0.108722547,-0.007094769,-0.010162778,-1.025673555
4.584562302,-0.108722547,-0.007094769,-0.010546279,-1.008032507
4.590684533,-0.108722547,-0.007094769,-0.010162778,-0.986172947
4.596547961,-0.108722547,-0.007094769,-0.010162778,-0.962779383
4.60240519,-0.108722547,-0.007094769,-0.010162778,-0.931715798
4.608753562,-0.108722547,-0.006711268,-0.010162778,-0.897200704
4.614124417,-0.108722547,-0.006711268,-0.010162778,-0.864219613
4.618936419,-0.108339046,-0.006711268,-0.010162778,-0.824335504
4.624507904,-0.107955545,-0.00747827,-0.010162778,-0.779849383
4.629826307,-0.107955545,-0.007094769,-0.010162778,-0.731911752
4.635232925,-0.107955545,-0.007094769,-0.010162778,-0.68013911
4.640604258,-0.107955545,-0.006711268,-0.010162778,-0.627982967
4.645973444,-0.107188543,-0.007094769,-0.010162778,-0.571608313
4.651396632,-0.106421541,-0.007094769,-0.009779277,-0.512165651
4.656318903,-0.105654539,-0.007094769,-0.010162778,-0.451955986
4.661674738,-0.104887537,-0.007094769,-0.010162778,-0.389061814
4.666862011,-0.103737034,-0.007094769,-0.010162778,-0.323099634
4.672079802,-0.103353533,-0.006711268,-0.010162778,-0.257137453
4.677511096,-0.103353533,-0.007094769,-0.010162778,-0.187723763
4.682879567,-0.103353533,-0.007094769,-0.010162778,-0.115242065
4.688280344,-0.103737034,-0.007094769,-0.010162778,-0.04391087
4.693452001,-0.103737034,-0.007094769,-0.010162778,0.027803826033144574
4.698859334,-0.103353533,-0.007094769,-0.010162778,0.097984518
4.704715729,-0.103353533,-0.007094769,-0.010162778,0.17353422455168932
4.710086823,-0.102970032,-0.006711268,-0.010162778,0.246782925
4.715466499,-0.102203029,-0.006711268,-0.010162778,0.3169636167778389
4.720636129,-0.101436027,-0.006711268,-0.010162778,0.38714430869598004
4.72601676,-0.099902023,-0.006327767,-0.009779277,0.4565579985166597
4.731883645,-0.097984518,-0.006711268,-0.010162778,0.5232871809962045
4.736805678,-0.096450514,-0.006711268,-0.010162778,0.5877153571833507
4.742464423,-0.09491651,-0.006711268,-0.010162778,0.6552115417603623
4.748312473,-0.092999004,-0.006711268,-0.010162778,0.7119696969728491
4.753203511,-0.089930996,-0.006711268,-0.010162778,0.7668103469416696
4.758567214,-0.08762999,-0.006711268,-0.010162778,0.822417999
4.763949394,-0.084945482,-0.006711268,-0.010162778,0.8749576426843806
4.769601584,-0.081877474,-0.006711268,-0.010162778,0.925579781
4.774980068,-0.079192967,-0.006711268,-0.010162778,0.9742844143062328
4.780362844,-0.07689196,-0.006711268,-0.010162778,1.0199210391054603
4.785784245,-0.074590954,-0.006711268,-0.010162778,1.061722653417359
4.790968418,-0.071522946,-0.006711268,-0.010162778,1.0985387540957294
4.796330094,-0.06960544,-0.006711268,-0.010162778,1.1326703474329687
4.801222563,-0.068454937,-0.006711268,-0.010162778,1.162583429234143
4.806592464,-0.066153931,-0.006711268,-0.010162778,1.1886615005479904
4.811953068,-0.062702421,-0.006711268,-0.010162778,1.2105210603257728
4.817122221,-0.060017914,-0.006711268,-0.010162778,1.228162108567492
4.822554827,-0.05848391,-0.006711268,-0.010162778,1.238900137932017
4.827921152,-0.056949906,-0.006711268,-0.010162778,1.2423516473706133
4.833316207,-0.055799403,-0.006711268,-0.010162778,1.241201144224414
4.838695049,-0.053881897,-0.006327767,-0.010162778,1.2385166368832827
4.843888283,-0.052347893,-0.006327767,-0.010546279,1.2312301169573558
4.849253297,-0.050046887,-0.006711268,-0.010162778,1.2193415844466333
4.854616404,-0.047745881,-0.006711268,-0.010162778,1.2020840372536465
4.860475898,-0.045828375,-0.006711268,-0.010162778,1.1813749806220635
4.865366101,-0.043527369,-0.006711268,-0.010162778,1.1552969093082162
4.871033311,-0.041226363,-0.006327767,-0.010162778,1.1238498233121081
4.876413226,-0.04007586,-0.006711268,-0.009779277,1.085883219
4.88227272,-0.039308857,-0.006711268,-0.010162778,1.0448486072731065
4.887680769,-0.039308857,-0.006711268,-0.010162778,0.9965274751327478
4.89333868,-0.039308857,-0.006711268,-0.010162778,0.9447548335537892
4.898710608,-0.039308857,-0.006711268,-0.009779277,0.8922151898773656
4.904071093,-0.039692359,-0.006711268,-0.010162778,0.8343065315186813
4.909930348,-0.04007586,-0.006711268,-0.010162778,0.7744803679163308
4.915301204,-0.040459361,-0.006711268,-0.010162778,0.7039161749494554
4.921429038,-0.042760367,-0.006711268,-0.010162778,0.6302839735927162
4.927324415,-0.044677872,-0.006711268,-0.010162778,0.562404288
4.932723284,-0.048512883,-0.006711268,-0.010162778,0.4952916044386946
4.938368082,-0.051964392,-0.006711268,-0.010162778,0.4293294240566148
4.943045974,-0.055415902,-0.006711268,-0.010162778,0.3533962164074751
4.948906183,-0.061168417,-0.006711268,-0.009779277,0.2816815202944003
4.954755902,-0.064236426,-0.006711268,-0.010546279,0.20306380530413293
4.960135579,-0.068454937,-0.006711268,-0.010162778,0.12828110080119437
4.965497255,-0.073823952,-0.006711268,-0.010162778,0.058100409
4.971137047,-0.076124958,-0.006711268,-0.010162778,-0.011313281
4.9770149,-0.079576468,-0.006711268,-0.010162778,-0.083794979
4.982574344,-0.082260975,-0.006711268,-0.010162778,-0.155509675
4.988084555,-0.083794979,-0.006711268,-0.010162778,-0.225306866
4.993798137,-0.084945482,-0.006711268,-0.010162778,-0.295871059
4.999646425,-0.086095985,-0.006711268,-0.010162778,-0.363750745
5.005025387,-0.086862988,-0.007094769,-0.010162778,-0.428178921
5.010404706,-0.088780493,-0.006711268,-0.010162778,-0.493374099
5.016133308,-0.090314497,-0.006711268,-0.009779277,-0.557418774
5.021684051,-0.091848501,-0.006711268,-0.010162778,-0.614943932
5.0271101,-0.092615503,-0.007094769,-0.010162778,-0.675920598
5.033218622,-0.092999004,-0.006711268,-0.010162778,-0.729994246
5.038819313,-0.092232002,-0.006711268,-0.010162778,-0.779082381
5.043828487,-0.091848501,-0.006711268,-0.010162778,-0.837758041
5.050669909,-0.091081499,-0.006711268,-0.010162778,-0.883011165
5.056529284,-0.090314497,-0.006711268,-0.010162778,-0.928264288
5.06259644,-0.090697998,-0.006711268,-0.010162778,-0.963929886
5.068208814,-0.091081499,-0.007094769,-0.010162778,-0.998828481
5.074068785,-0.090697998,-0.006711268,-0.010162778,-1.027974561
5.080214739,-0.090697998,-0.006711268,-0.010162778,-1.052135127
5.085669875,-0.090314497,-0.006711268,-0.010162778,-1.069392674
5.090584755,-0.090314497,-0.006711268,-0.010162778,-1.083582213
5.096538305,-0.090314497,-0.007094769,-0.010162778,-1.093936742
5.101914406,-0.090314497,-0.007094769,-0.010162778,-1.099689257
5.107771397,-0.089930996,-0.007094769,-0.010162778,-1.099689257
5.113627195,-0.090314497,-0.007094769,-0.010162778,-1.09700475
5.119037747,-0.090314497,-0.007094769,-0.010162778,-1.08971823
5.123909831,-0.090314497,-0.007094769,-0.010162778,-1.079747203
5.129286885,-0.090314497,-0.006711268,-0.010162778,-1.065174163
5.134209514,-0.090314497,-0.007094769,-0.010162778,-1.046382611
5.13910234,-0.090314497,-0.007094769,-0.010162778,-1.025673555
5.143745899,-0.090314497,-0.007094769,-0.010162778,-0.999211982
5.149329662,-0.090314497,-0.007094769,-0.010162778,-0.970065903
5.15421188,-0.091081499,-0.007094769,-0.010162778,-0.934400305
5.159582853,-0.090697998,-0.007094769,-0.009779277,-0.894899697
5.165050149,-0.091081499,-0.007094769,-0.010162778,-0.853481584
5.170068145,-0.091465,-0.007094769,-0.010162778,-0.80822846
5.175427675,-0.091465,-0.007094769,-0.010162778,-0.757222821
5.180824041,-0.091465,-0.006711268,-0.010162778,-0.702765672
5.186217189,-0.091465,-0.007094769,-0.010162778,-0.646007517
5.19137466,-0.091081499,-0.006711268,-0.010162778,-0.583496846
5.196756363,-0.090697998,-0.006711268,-0.010162778,-0.521369676
5.202129126,-0.090314497,-0.006711268,-0.010162778,-0.454640493
5.207496405,-0.090697998,-0.006711268,-0.010162778,-0.388678313
5.212866902,-0.089930996,-0.006711268,-0.010162778,-0.315813114
5.218038321,-0.090314497,-0.007094769,-0.009779277,-0.232593386
5.224868417,-0.090314497,-0.007094769,-0.010162778,-0.144388145
5.231719017,-0.090314497,-0.007094769,-0.010162778,-0.037007851
5.23919189,-0.089930996,-0.007094769,-0.009779277,0.060017914
5.246051311,-0.089930996,-0.007094769,-0.010162778,0.14937365848150996
5.252520323,-0.089930996,-0.007094769,-0.010162778,0.22453986403318105
5.257891059,-0.090314497,-0.006711268,-0.009779277,0.2928030507076578
5.262774825,-0.089547495,-0.006711268,-0.010162778,0.3652847489181976
5.267947197,-0.08762999,-0.006711268,-0.010162778,0.4408344555186048
5.273954391,-0.085712484,-0.007094769,-0.010162778,0.512165651
5.279465079,-0.083411478,-0.006711268,-0.010162778,0.5819628414523557
5.285411596,-0.080726971,-0.007094769,-0.010162778,0.6525270344192311
5.291490912,-0.079192967,-0.007094769,-0.010162778,0.7234747284348391
5.297462463,-0.077275461,-0.006711268,-0.010162778,0.7840678941346564
5.303377986,-0.075357956,-0.007094769,-0.010162778,0.8446610598344719
5.308756232,-0.072289948,-0.006711268,-0.010162778,0.9021862171444255
5.314614654,-0.068838438,-0.006711268,-0.010162778,0.9554928629183141
5.320269227,-0.06577043,-0.006711268,-0.010162778,1.0068820034485384
5.326119781,-0.06231892,-0.006711268,-0.010162778,1.054436133491432
5.331495166,-0.060784916,-0.007094769,-0.010162778,1.096621248852065
5.336578846,-0.059634413,-0.006711268,-0.010162778,1.1384228631639637
5.342284918,-0.058867411,-0.006711268,-0.010162778,1.177539970134731
5.347893238,-0.057716908,-0.007094769,-0.010162778,1.2097540582283077
5.353264451,-0.055415902,-0.006711268,-0.009779277,1.239667140029482
5.358647585,-0.053498396,-0.006711268,-0.010162778,1.261910200855997
5.364015341,-0.051964392,-0.006711268,-0.010162778,1.2799347501464489
5.369713783,-0.05119739,-0.006711268,-0.010162778,1.2929737858033725
5.375570059,-0.050813889,-0.006711268,-0.010162778,1.2979592994369007
5.380973577,-0.050430388,-0.006711268,-0.010162778,1.2964252952419688
5.386862159,-0.050813889,-0.006327767,-0.010162778,1.2922067837059057
5.393493533,-0.050430388,-0.006327767,-0.009779277,1.2837697606337795
5.399342656,-0.050046887,-0.006711268,-0.010162778,1.2695802218306582
5.405203104,-0.048896384,-0.006711268,-0.010162778,1.251939173588939
5.410631776,-0.04736238,-0.007094769,-0.010162778,1.229696112762424
5.416253448,-0.045444874,-0.006711268,-0.009779277,1.203234540399846
5.422281265,-0.043143868,-0.006327767,-0.009779277,1.1714039533550018
5.427705169,-0.041609864,-0.006711268,-0.010162778,1.1338208505791663
5.433086276,-0.040459361,-0.006711268,-0.009779277,1.091635735218535
5.43815279,-0.040459361,-0.006711268,-0.009779277,1.0456156093705733
5.443804264,-0.04007586,-0.006711268,-0.010162778,0.9930759656941497
5.449674845,-0.039308857,-0.006711268,-0.009779277,0.9370848125791298
5.455543995,-0.038925356,-0.006711268,-0.009779277,0.8822441626103075
5.460992455,-0.038541855,-0.006711268,-0.009779277,0.822417999
5.466556787,-0.038925356,-0.006711268,-0.009779277,0.7602908291132078
5.471927762,-0.039308857,-0.006711268,-0.009779277,0.6966296550235285
5.477302313,-0.039308857,-0.006711268,-0.009779277,0.6252984599591862
5.482681274,-0.041609864,-0.006711268,-0.010162778,0.5528167617486464
5.488768816,-0.044294371,-0.006711268,-0.009779277,0.4784175582944421
5.494202137,-0.048129382,-0.006711268,-0.010162778,0.40133384749910483
5.500064135,-0.051964392,-0.006711268,-0.009779277,0.3300026524347608
5.505620718,-0.054648899,-0.006711268,-0.009779277,0.26327346995521594
5.51107192,-0.057333407,-0.006711268,-0.009779277,0.19194227489087545
5.516643167,-0.060017914,-0.007094769,-0.009779277,0.12022757877780066
5.522005081,-0.06231892,-0.006711268,-0.009779277,0.050430388
5.527868032,-0.065386929,-0.006711268,-0.009779277,-0.017449298
5.53323853,-0.067687935,-0.006711268,-0.009779277,-0.088013491
5.539095759,-0.069221939,-0.006711268,-0.009779277,-0.152825168
5.544612288,-0.069988941,-0.006711268,-0.010162778,-0.217636845
5.5499897,-0.070372442,-0.007094769,-0.009779277,-0.275545504
5.554998755,-0.070372442,-0.006711268,-0.009779277,-0.33268716
5.560371755,-0.071906447,-0.007094769,-0.009779277,-0.395964833
5.566012263,-0.073440451,-0.006711268,-0.009779277,-0.456557999
5.571944952,-0.075357956,-0.006711268,-0.009779277,-0.516384162
5.577352285,-0.077658962,-0.006711268,-0.010162778,-0.577360829
5.583714485,-0.08034347,-0.007094769,-0.010162778,-0.630283974
5.589123249,-0.081877474,-0.006711268,-0.010162778,-0.679372108
5.594977617,-0.082260975,-0.006711268,-0.010162778,-0.726542737
5.6000669,-0.082644476,-0.007094769,-0.010162778,-0.772562863
5.606155515,-0.082644476,-0.006711268,-0.010162778,-0.813980976
5.611519575,-0.083027977,-0.007094769,-0.010162778,-0.853865085
5.617194414,-0.083411478,-0.006711268,-0.010162778,-0.890681186
5.623132348,-0.08417848,-0.007094769,-0.010162778,-0.921744771
5.628526449,-0.084945482,-0.007094769,-0.010162778,-0.952041353
5.63438046,-0.085328983,-0.007094769,-0.010162778,-0.97620192
5.639767408,-0.086479486,-0.006711268,-0.010162778,-0.996143974
5.644949317,-0.087246489,-0.006711268,-0.010162778,-1.012251018
5.65034318,-0.087246489,-0.006711268,-0.010162778,-1.025290054
5.656423688,-0.088396992,-0.007094769,-0.010162778,-1.033343576
5.662276983,-0.088013491,-0.006711268,-0.010162778,-1.036411584
5.667931437,-0.088013491,-0.007094769,-0.010162778,-1.034110578
5.673783302,-0.088013491,-0.007094769,-0.010546279,-1.032193073
5.679159999,-0.087246489,-0.007094769,-0.010162778,-1.026824058
5.684552789,-0.087246489,-0.007094769,-0.010162778,-1.013401521
5.690419793,-0.087246489,-0.007094769,-0.010162778,-0.996143974
5.695587039,-0.086095985,-0.007094769,-0.010162778,-0.975434917
5.701443195,-0.085328983,-0.007094769,-0.010162778,-0.953191857
5.707302094,-0.084945482,-0.006711268,-0.010162778,-0.928264288
5.712616563,-0.085328983,-0.006711268,-0.010162778,-0.901802716
5.717778563,-0.085328983,-0.006711268,-0.010162778,-0.871889634
5.723149419,-0.085328983,-0.006711268,-0.010162778,-0.840442548
5.728055835,-0.085712484,-0.006711268,-0.010162778,-0.808611961
5.73294127,-0.085328983,-0.006711268,-0.010162778,-0.773329865
5.738589644,-0.086095985,-0.006711268,-0.010162778,-0.737280766
5.743805528,-0.087246489,-0.006711268,-0.010162778,-0.697780158
5.749183774,-0.088780493,-0.006711268,-0.010162778,-0.654061039
5.75503552,-0.090314497,-0.006327767,-0.010162778,-0.613409927
5.760894418,-0.091848501,-0.006711268,-0.010162778,-0.571224812
5.766051412,-0.093382505,-0.006711268,-0.010162778,-0.528272695
5.771919966,-0.094149507,-0.006711268,-0.010162778,-0.48647108
5.777298808,-0.09491651,-0.006711268,-0.009779277,-0.444285965
5.78268528,-0.096067013,-0.006327767,-0.009779277,-0.402867852
5.788348794,-0.097984518,-0.006711268,-0.010162778,-0.363367244
5.793518305,-0.09875152,-0.006711268,-0.010162778,-0.323866636
5.798877478,-0.09875152,-0.006711268,-0.010162778,-0.284749529
5.804250717,-0.098368019,-0.006711268,-0.010162778,-0.245632422
5.809757113,-0.098368019,-0.006711268,-0.010162778,-0.204981311
5.815407038,-0.097601017,-0.006327767,-0.009779277,-0.163946698
5.821758747,-0.097601017,-0.006327767,-0.010162778,-0.126363596
5.827642798,-0.097984518,-0.006327767,-0.010162778,-0.094149507
5.833017707,-0.097601017,-0.006711268,-0.009779277,-0.063852925
5.838946939,-0.096834015,-0.006327767,-0.010162778,-0.03662435
5.84411335,-0.095683512,-0.006327767,-0.010162778,-0.011313281
5.849484324,-0.09491651,-0.006327767,-0.010162778,0.012847285132556507
5.854846954,-0.092999004,-0.006711268,-0.010162778,0.033556341764139574
5.860376835,-0.090697998,-0.006327767,-0.010162778,0.052347893
5.865964055,-0.088396992,-0.006327767,-0.010162778,0.071139445
5.871335983,-0.086479486,-0.006327767,-0.009779277,0.085712484
5.877195835,-0.08417848,-0.006327767,-0.009779277,0.098368019
5.882612467,-0.081877474,-0.006327767,-0.010162778,0.11025655151074254
5.888025165,-0.078809466,-0.006711268,-0.010162778,0.12329558716766442
5.896131873,-0.074590954,-0.006711268,-0.009779277,0.12789759975246184
5.903943777,-0.070372442,-0.006711268,-0.009779277,0.12828110080119437
5.910772562,-0.067687935,-0.006327767,-0.009779277,0.1286646018499269
5.917400837,-0.063852925,-0.006711268,-0.010162778,0.1286646018499269
5.923462391,-0.060401415,-0.006711268,-0.010162778,0.12751409870372754
5.928443193,-0.057716908,-0.006711268,-0.010162778,0.12713059765499501
5.933325171,-0.054265398,-0.006711268,-0.010162778,0.1267470966062625
5.938972712,-0.051580891,-0.006711268,-0.010546279,0.1248295913625963
5.944383383,-0.048896384,-0.006711268,-0.010162778,0.12137808192400001
5.949807644,-0.046595377,-0.006711268,-0.010162778,0.11831007353413625
5.955661297,-0.044677872,-0.006711268,-0.010162778,0.11792657248540195
5.961141467,-0.04391087,-0.006711268,-0.010162778,0.11754307143666942
5.9667449,-0.043527369,-0.006711268,-0.010162778,0.11600906724173754
5.972159863,-0.042760367,-0.006711268,-0.010162778,0.11524206514427071
5.978034019,-0.042376866,-0.006711268,-0.010162778,0.11485856409553818
5.983412027,-0.041993365,-0.007094769,-0.010162778,0.11370806094933883
5.989426374,-0.041993365,-0.007094769,-0.010162778,0.1114070546569419
5.994988799,-0.041993365,-0.006711268,-0.010162778,0.10910604836454318
6.00086236,-0.041993365,-0.006711268,-0.010162778,0.1075720441696113
6.006940365,-0.042376866,-0.006711268,-0.009779277,0.10718854312087878
6.012281299,-0.042376866,-0.007094769,-0.009779277,0.10642154102341195
6.017932653,-0.041993365,-0.006711268,-0.010162778,0.10680504207214447
6.02365768,-0.042376866,-0.006711268,-0.009779277,0.10680504207214447
6.029140234,-0.042376866,-0.006711268,-0.009779277,0.10680504207214447
6.034547806,-0.041993365,-0.006711268,-0.009779277,0.10680504207214447
6.039755583,-0.041993365,-0.006711268,-0.010162778,0.10642154102341195
6.045415163,-0.041993365,-0.006711268,-0.010162778,0.10680504207214447
6.05128479,-0.041993365,-0.007094769,-0.009779277,0.10642154102341195
6.05664432,-0.041993365,-0.006711268,-0.010162778,0.10603803997467942
6.062072396,-0.041993365,-0.006711268,-0.009779277,0.1056545389259469
6.067777395,-0.041609864,-0.006711268,-0.009779277,0.1056545389259469
6.0735147,-0.041226363,-0.006711268,-0.009779277,0.10450403577974754
6.078886867,-0.041226363,-0.006711268,-0.010162778,0.10297003158481566
6.084262252,-0.040842862,-0.006711268,-0.009779277,0.10066902529241695
6.089914083,-0.040842862,-0.006711268,-0.009779277,0.09875152
6.095852137,-0.039692359,-0.006327767,-0.009779277,0.097984518
6.101774695,-0.039308857,-0.007094769,-0.009779277,0.097217516
6.107633471,-0.039308857,-0.007094769,-0.010162778,0.096450514
6.1130023,-0.038925356,-0.006711268,-0.009779277,0.096067013
6.118657947,-0.038541855,-0.006711268,-0.010162778,0.095683512
6.124420404,-0.038158354,-0.007094769,-0.009779277,0.09491651
6.12978983,-0.037774853,-0.006711268,-0.009779277,0.092999004
6.135671735,-0.037774853,-0.007094769,-0.010162778,0.090697998
6.14108026,-0.037774853,-0.006711268,-0.009779277,0.087246489
6.146459579,-0.037774853,-0.006711268,-0.009779277,0.083794979
6.152318239,-0.037774853,-0.006711268,-0.010162778,0.079576468
6.158196211,-0.037774853,-0.007094769,-0.010162778,0.073823952
6.163865685,-0.037391352,-0.006711268,-0.009779277,0.066920933
6.169270515,-0.037391352,-0.006711268,-0.010162778,0.060401415
6.175242066,-0.037391352,-0.007094769,-0.009779277,0.058100409
6.181105375,-0.037007851,-0.007094769,-0.010162778,0.056566404688119576
6.186757445,-0.037007851,-0.006711268,-0.010162778,0.052731394200788984
6.192409277,-0.037391352,-0.006711268,-0.009779277,0.048129382
6.197838068,-0.037391352,-0.007094769,-0.010162778,0.045061373226129575
6.203454256,-0.037007851,-0.006711268,-0.009779277,0.042376866
6.20907557,-0.037007851,-0.006711268,-0.009779277,0.038925356
6.214940786,-0.037007851,-0.006711268,-0.009779277,0.03662435
6.220157504,-0.037391352,-0.006711268,-0.009779277,0.031638837
6.226011753,-0.037007851,-0.006711268,-0.010162778,0.023968815545813982
6.231398463,-0.037007851,-0.006711268,-0.009779277,0.016298794571152797
6.236804008,-0.03662435,-0.006711268,-0.009779277,0.00747827
6.241898775,-0.03662435,-0.006711268,-0.010162778,0.000575252
6.247764587,-0.03662435,-0.007094769,-0.009779277,-0.002109256
6.253609538,-0.036240849,-0.006711268,-0.009779277,-0.002109256
6.258977413,-0.035857348,-0.006711268,-0.010162778,-0.002492757
6.264357686,-0.035090346,-0.007094769,-0.009779277,-0.004793763
6.27051568,-0.034706845,-0.007094769,-0.010162778,-0.006327767
6.27589345,-0.034323344,-0.007094769,-0.010162778,-0.005944266
6.281768441,-0.033939843,-0.006711268,-0.009779277,-0.005944266
6.287277341,-0.033939843,-0.006711268,-0.010162778,-0.005944266
6.29342401,-0.033172841,-0.006711268,-0.009779277,-0.005944266
6.299292684,-0.032405839,-0.006711268,-0.009779277,-0.006327767
6.304858446,-0.031638837,-0.006711268,-0.009779277,-0.007094769
6.309755802,-0.031255335,-0.006711268,-0.010162778,-0.008628774
6.315133214,-0.030871834,-0.007094769,-0.009779277,-0.009779277
6.320317745,-0.029721331,-0.006711268,-0.010162778,-0.009779277
6.325685859,-0.02933783,-0.006711268,-0.010162778,-0.008245273
6.331140637,-0.028954329,-0.006711268,-0.010162778,-0.006327767
6.336329341,-0.028570828,-0.006711268,-0.010162778,-0.003259759
6.341976523,-0.028570828,-0.006711268,-0.009779277,-0.000958753
6.347360611,-0.028570828,-0.006711268,-0.009779277,0.001342254
6.352726579,-0.028187327,-0.007094769,-0.009779277,0.00364326
6.358102083,-0.027803826,-0.006711268,-0.010162778,0.005177264
6.363948345,-0.027803826,-0.007094769,-0.010162778,0.005177264
6.369117141,-0.027420325,-0.006711268,-0.009779277,0.005560765
6.374974728,-0.027420325,-0.006711268,-0.010162778,0.005560765
6.380367756,-0.027420325,-0.006711268,-0.009779277,0.005177264
6.386071801,-0.027420325,-0.006711268,-0.010162778,0.005177264
6.391947865,-0.027420325,-0.006711268,-0.009779277,0.004793763
6.397323728,-0.027420325,-0.006711268,-0.009779277,0.004793763
6.402686477,-0.027036824,-0.007094769,-0.010162778,0.004793763
6.408545971,-0.027420325,-0.007094769,-0.010162778,0.004026761
6.413907647,-0.027420325,-0.007094769,-0.009779277,0.002492757
6.419096112,-0.027803826,-0.007094769,-0.010162778,0.000958753
6.424946904,-0.028187327,-0.007094769,-0.009779277,-0.000575252
6.430335999,-0.028187327,-0.006711268,-0.009779277,-0.001342254
6.436068296,-0.028187327,-0.006711268,-0.009779277,-0.002109256
6.441497087,-0.028187327,-0.006711268,-0.009779277,-0.004410262
6.447502017,-0.028187327,-0.007094769,-0.009779277,-0.006327767
6.452886462,-0.028570828,-0.007094769,-0.010162778,-0.007094769
6.458246112,-0.028570828,-0.007094769,-0.009779277,-0.008245273
6.464087009,-0.028570828,-0.00747827,-0.010162778,-0.010546279
6.46958065,-0.028187327,-0.007094769,-0.010162778,-0.013614287
6.475439548,-0.028187327,-0.007094769,-0.010162778,-0.016682296
6.480826616,-0.027803826,-0.006711268,-0.009779277,-0.017832799
6.486227512,-0.028187327,-0.007094769,-0.009779277,-0.017065797
6.491605639,-0.028570828,-0.006711268,-0.009395776,-0.016682296
6.496765494,-0.028570828,-0.006711268,-0.009012275,-0.016298795
6.501657009,-0.028187327,-0.007094769,-0.008628774,-0.015531792
6.506587625,-0.028187327,-0.006711268,-0.008245273,-0.01476479
6.512048364,-0.027803826,-0.006711268,-0.008245273,-0.014381289
6.517711043,-0.028570828,-0.006327767,-0.007861771,-0.014381289
6.523088694,-0.02933783,-0.006327767,-0.007861771,-0.014381289
6.528650403,-0.02933783,-0.006327767,-0.007094769,-0.014381289
6.533545256,-0.028570828,-0.006327767,-0.006711268,-0.014381289
6.539198041,-0.028570828,-0.006327767,-0.005177264,-0.013614287
6.544548512,-0.028187327,-0.006711268,-0.002492757,-0.013614287
6.549927354,-0.027420325,-0.006327767,0.001725755,-0.013230786
6.556270003,-0.027036824,-0.006711268,0.007861771,-0.012080283
6.562617064,-0.026269822,-0.006327767,0.019366803,-0.005944266
6.57094574,-0.025886321,-0.006327767,0.035090345959071456,0.001342254
6.577779174,-0.025886321,-0.006327767,0.05119739,0.004026761
6.583650947,-0.02550282,-0.006711268,0.067304434,0.003259759
6.590278625,-0.02550282,-0.005944266,0.084945482,0.00364326
6.595994115,-0.02550282,-0.005560765,0.10066902529241695,0.00364326
6.60088408,-0.025886321,-0.005177264,0.11639256829047007,0.00364326
6.60674417,-0.025886321,-0.005560765,0.13288311338599001,0.00364326
6.612109184,-0.026269822,-0.005560765,0.1501406605789768,0.00364326
6.617311358,-0.027420325,-0.005560765,0.16778170882069432,0.00364326
6.623190045,-0.028187327,-0.005944266,0.18350525181874922,0.00364326
6.629045367,-0.028570828,-0.005560765,0.19922879481680233,0.00364326
6.633990526,-0.028954329,-0.005944266,0.2141853357173904,0.00364326
6.639887094,-0.028570828,-0.005944266,0.22837487452051164,0.00364326
6.645401239,-0.028954329,-0.005944266,0.24141391017743352,0.004026761
6.651251674,-0.02933783,-0.005944266,0.2533024426881578,0.00364326
6.656630039,-0.029721331,-0.005560765,0.2640404720526828,0.004410262
6.661994338,-0.030104832,-0.005944266,0.2740114993197409,0.004793763
6.667672038,-0.029721331,-0.005944266,0.2816815202944003,0.004793763
6.673040986,-0.029721331,-0.005177264,0.28666703392793025,0.004793763
6.67840445,-0.02933783,-0.005560765,0.289735042,0.004793763
6.684268832,-0.02933783,-0.005560765,0.2912690465127259,0.004793763
6.689836383,-0.028954329,-0.005560765,0.2916525475614584,0.004793763
6.695425391,-0.028954329,-0.005560765,0.2912690465127259,0.004793763
6.701278925,-0.028954329,-0.005560765,0.29050204441526084,0.004793763
6.706648588,-0.028954329,-0.005944266,0.29088554546399337,0.004793763
6.712021708,-0.028954329,-0.005944266,0.29050204441526084,0.004793763
6.718165874,-0.028570828,-0.005944266,0.29088554546399337,0.004793763
6.723544121,-0.028187327,-0.005944266,0.29050204441526084,0.005177264
6.729401469,-0.027803826,-0.005944266,0.29088554546399337,0.005560765
6.734875679,-0.028187327,-0.005944266,0.29050204441526084,0.005944266
6.740448833,-0.027420325,-0.005944266,0.29088554546399337,0.005560765
6.745824456,-0.027803826,-0.005944266,0.29088554546399337,0.005177264
6.75120914,-0.027420325,-0.005944266,0.29088554546399337,0.004793763
6.756564379,-0.027420325,-0.006327767,0.29088554546399337,0.004793763
6.761935711,-0.027420325,-0.006327767,0.29050204441526084,0.004410262
6.767104745,-0.027420325,-0.006327767,0.29050204441526084,0.004410262
6.772517562,-0.027036824,-0.006327767,0.29050204441526084,0.004026761
6.777888894,-0.027036824,-0.006327767,0.29088554546399337,0.002876258
6.78327322,-0.026653323,-0.006327767,0.29050204441526084,0.002109256
6.789038062,-0.027036824,-0.006711268,0.29011854336652654,0.001725755
6.794438958,-0.027036824,-0.006327767,0.29050204441526084,0.002109256
6.799810171,-0.027036824,-0.006327767,0.29050204441526084,0.002109256
6.804700732,-0.026653323,-0.006327767,0.29050204441526084,0.002109256
6.810071111,-0.027036824,-0.006711268,0.29050204441526084,0.001725755
6.815433502,-0.027036824,-0.006327767,0.29050204441526084,0.001725755
6.82060647,-0.027036824,-0.006711268,0.29088554546399337,0.001725755
6.825974703,-0.026653323,-0.006327767,0.29011854336652654,0.001725755
6.831842184,-0.026653323,-0.006327767,0.29050204441526084,0.001725755
6.837223768,-0.026653323,-0.006327767,0.29050204441526084,0.002109256
6.842391729,-0.026653323,-0.006711268,0.29050204441526084,0.002492757
6.848293185,-0.026653323,-0.006711268,0.29050204441526084,0.002876258
6.853664756,-0.027036824,-0.006327767,0.29050204441526084,0.003259759
6.859531045,-0.026653323,-0.006711268,0.29050204441526084,0.00364326
6.865381718,-0.027036824,-0.006327767,0.29050204441526084,0.00364326
6.870534539,-0.026653323,-0.006711268,0.29050204441526084,0.004026761
6.875913501,-0.026653323,-0.006711268,0.29050204441526084,0.00364326
6.881281376,-0.026653323,-0.006327767,0.29050204441526084,0.00364326
6.886675119,-0.026653323,-0.006711268,0.29011854336652654,0.00364326
6.892329216,-0.025886321,-0.006711268,0.29050204441526084,0.00364326
6.897710562,-0.026269822,-0.006711268,0.29050204441526084,0.00364326
6.903609753,-0.026269822,-0.006711268,0.29050204441526084,0.003259759
6.90903616,-0.02550282,-0.006327767,0.29011854336652654,0.002492757
6.914414644,-0.025119319,-0.006711268,0.29050204441526084,0.002109256
6.920076966,-0.025119319,-0.006711268,0.29050204441526084,0.002109256
6.92593527,-0.024735818,-0.006711268,0.29050204441526084,0.002109256
6.931324482,-0.025119319,-0.006327767,0.29050204441526084,0.002492757
6.936712384,-0.024735818,-0.006327767,0.29050204441526084,0.002492757
6.942379355,-0.024735818,-0.006711268,0.29050204441526084,0.002109256
6.947779179,-0.024352317,-0.006327767,0.29011854336652654,0.002492757
6.95314157,-0.024352317,-0.006327767,0.29011854336652654,0.002492757
6.958521485,-0.024352317,-0.006327767,0.29050204441526084,0.002492757
6.964380264,-0.023585314,-0.006711268,0.29011854336652654,0.002876258
6.970023036,-0.023201813,-0.006327767,0.29050204441526084,0.002876258
6.975405574,-0.023201813,-0.006327767,0.29050204441526084,0.003259759
6.981257558,-0.023201813,-0.006711268,0.29011854336652654,0.00364326
6.98666513,-0.023201813,-0.006711268,0.29011854336652654,0.00364326
6.992325664,-0.023201813,-0.006711268,0.29050204441526084,0.00364326
6.997704864,-0.023201813,-0.006711268,0.29050204441526084,0.00364326
7.003187537,-0.022818312,-0.006327767,0.29088554546399337,0.00364326
7.008699059,-0.023201813,-0.006327767,0.29088554546399337,0.00364326
7.014560461,-0.023201813,-0.006711268,0.29050204441526084,0.003259759
7.020210266,-0.022818312,-0.006327767,0.29050204441526084,0.002876258
7.025869012,-0.023201813,-0.006327767,0.29050204441526084,0.002492757
7.031266212,-0.023201813,-0.006711268,0.29050204441526084,0.002492757
7.037155271,-0.023201813,-0.006327767,0.29050204441526084,0.002492757
7.042320609,-0.023201813,-0.006327767,0.29088554546399337,0.002492757
7.048235893,-0.023201813,-0.006711268,0.29050204441526084,0.002876258
7.054091573,-0.022818312,-0.006711268,0.29050204441526084,0.002876258
7.059464215,-0.023201813,-0.006711268,0.29050204441526084,0.002492757
7.06532371,-0.023201813,-0.006711268,0.29050204441526084,0.002876258
7.071092963,-0.022818312,-0.006327767,0.29050204441526084,0.002876258
7.076475263,-0.022818312,-0.006711268,0.29050204441526084,0.002876258
7.082327247,-0.023201813,-0.006327767,0.29011854336652654,0.003259759
7.087626457,-0.022818312,-0.006327767,0.289735042,0.003259759
7.093090296,-0.023201813,-0.006711268,0.289735042,0.002876258
7.098943353,-0.022818312,-0.006711268,0.29011854336652654,0.003259759
7.104470968,-0.022818312,-0.006711268,0.29050204441526084,0.003259759
7.110353112,-0.023201813,-0.006327767,0.29011854336652654,0.00364326
7.116003036,-0.022818312,-0.006711268,0.29011854336652654,0.003259759
7.121967316,-0.023201813,-0.006327767,0.29011854336652654,0.003259759
7.127318621,-0.023201813,-0.006327767,0.29011854336652654,0.003259759
7.132893562,-0.022818312,-0.006327767,0.29011854336652654,0.002876258
7.13876915,-0.023201813,-0.006711268,0.289735042,0.002876258
7.144275308,-0.023201813,-0.006327767,0.289735042,0.002876258
7.149448395,-0.022818312,-0.006327767,0.29011854336652654,0.002876258
7.154889584,-0.022818312,-0.006327767,0.2893515412690615,0.002876258
7.160333633,-0.023201813,-0.006327767,0.2893515412690615,0.002876258
7.16541636,-0.022818312,-0.006327767,0.289735042,0.002876258
7.170884132,-0.022818312,-0.006711268,0.289735042,0.002876258
7.176741719,-0.022818312,-0.006327767,0.29011854336652654,0.002876258
7.182123303,-0.022818312,-0.006327767,0.29011854336652654,0.002492757
7.188255548,-0.022818312,-0.006327767,0.289735042,0.002876258
7.193163514,-0.022818312,-0.006327767,0.289735042,0.002876258
7.198526382,-0.022818312,-0.006327767,0.29011854336652654,0.003259759
7.203409672,-0.022434811,-0.006711268,0.289735042,0.003259759
7.208788157,-0.022818312,-0.006711268,0.2893515412690615,0.003259759
7.214559317,-0.022818312,-0.006327767,0.29011854336652654,0.003259759
7.21950829,-0.022818312,-0.006327767,0.29011854336652654,0.003259759
7.224413872,-0.022818312,-0.006711268,0.289735042,0.003259759
7.229807138,-0.022434811,-0.006327767,0.29050204441526084,0.003259759
7.235168934,-0.022818312,-0.006327767,0.29050204441526084,0.003259759
7.240829825,-0.022818312,-0.006711268,0.29011854336652654,0.002876258
7.246736884,-0.022818312,-0.006327767,0.2893515412690615,0.002876258
7.252585292,-0.022434811,-0.006711268,0.2893515412690615,0.002876258
7.257963181,-0.022434811,-0.006711268,0.289735042,0.003259759
7.26333499,-0.022818312,-0.006327767,0.289735042,0.002876258
7.268505812,-0.022818312,-0.006327767,0.289735042,0.002876258
7.274367452,-0.022818312,-0.006711268,0.29050204441526084,0.002876258
7.279748201,-0.022818312,-0.006711268,0.29050204441526084,0.002876258
7.286883116,-0.022434811,-0.006327767,0.29050204441526084,0.002876258
7.293767333,-0.022434811,-0.006711268,0.29011854336652654,0.002876258
7.300113797,-0.022818312,-0.006711268,0.29011854336652654,0.002876258
7.306524158,-0.022818312,-0.006711268,0.29011854336652654,0.002876258
7.312379122,-0.022818312,-0.006711268,0.29050204441526084,0.003259759
7.31755209,-0.022818312,-0.006327767,0.29011854336652654,0.003259759
7.323401809,-0.022818312,-0.006327767,0.29050204441526084,0.003259759
7.328285217,-0.022818312,-0.006327767,0.29011854336652654,0.003259759
7.334156513,-0.022434811,-0.006327767,0.289735042,0.003259759
7.339790463,-0.022818312,-0.006711268,0.29011854336652654,0.003259759
7.345190525,-0.022434811,-0.006327767,0.29011854336652654,0.002876258
7.350568533,-0.022434811,-0.005944266,0.29011854336652654,0.002876258
7.3559407,-0.022434811,-0.006327767,0.29050204441526084,0.002876258
7.361301899,-0.022434811,-0.006327767,0.29011854336652654,0.002876258
7.366949201,-0.022434811,-0.006327767,0.29011854336652654,0.002876258
7.372800231,-0.022434811,-0.006327767,0.289735042,0.002876258
7.378170609,-0.022434811,-0.006327767,0.289735042,0.002876258
7.383065462,-0.022818312,-0.006327767,0.29011854336652654,0.002876258
7.388468504,-0.022818312,-0.006711268,0.29011854336652654,0.002876258
7.393857837,-0.022818312,-0.006711268,0.2893515412690615,0.002876258
7.398748755,-0.022818312,-0.006327767,0.289735042,0.002876258
7.404601336,-0.022818312,-0.006327767,0.289735042,0.002876258
7.409487963,-0.022818312,-0.006711268,0.29011854336652654,0.003259759
7.414373994,-0.022434811,-0.006327767,0.289735042,0.003259759
7.419525981,-0.022818312,-0.006711268,0.289735042,0.003259759
7.424905062,-0.022818312,-0.006711268,0.289735042,0.003259759
7.429783106,-0.022818312,-0.006711268,0.29011854336652654,0.002876258
7.434673071,-0.022818312,-0.006711268,0.29011854336652654,0.002876258
7.440100789,-0.022818312,-0.006327767,0.289735042,0.003259759
7.445472836,-0.022434811,-0.006711268,0.28896804022032896,0.003259759
7.450847983,-0.022434811,-0.006327767,0.2893515412690615,0.002876258
7.456758142,-0.022434811,-0.006327767,0.2893515412690615,0.003259759
7.462128758,-0.022434811,-0.007094769,0.2893515412690615,0.002876258
7.467467546,-0.022434811,-0.006711268,0.2893515412690615,0.002876258
7.473021865,-0.022818312,-0.006711268,0.28896804022032896,0.003259759
7.478472948,-0.022818312,-0.006711268,0.28858453917159466,0.002876258
7.483858943,-0.022818312,-0.006327767,0.28896804022032896,0.002876258
7.48924911,-0.022818312,-0.006711268,0.28896804022032896,0.002876258
7.494647264,-0.022818312,-0.006711268,0.28896804022032896,0.002876258
