time,1,2,3,4,,,,,
0.001074606,0.000191751,-0.000191751,-0.000191751,-0.000191751,,,,,
0.007053614,-0.000191751,-0.000191751,-0.000191751,0.000191751,,,,,
0.012477636,-0.000191751,-0.000191751,-0.000191751,-0.000575252,,,,,
0.018211471,0.000191751,-0.000191751,-0.000191751,-0.000191751,,,,,
0.023715496,-0.000191751,-0.000575252,-0.000191751,-0.000191751,,,,,
0.029712916,0.000191751,-0.000575252,-0.000191751,0.000191751,,,,,
0.035157733,0.000191751,-0.000575252,-0.000191751,-0.000191751,,,,,
0.040582816,0.000575252,-0.000575252,-0.000191751,0.000191751,,,,,
0.046517187,0.000575252,-0.000191751,-0.000575252,0.000191751,,,,,
0.052951309,0.000575252,-0.000191751,-0.000958753,-0.000191751,,,,,
0.059457488,0.000575252,-0.000958753,-0.000958753,0.000191751,,,,,
0.065966977,0.001342254,-0.000958753,-0.000958753,0.000191751,,,,,
0.071938833,0.002109256,-0.000191751,-0.000958753,-0.000191751,,,,,
0.07818222,0.001725755,-0.000191751,-0.000958753,-0.000191751,,,,,
0.084210104,0.001725755,-0.000575252,-0.000958753,-0.000191751,,,,,
0.090284083,0.002109256,-0.000191751,-0.001342254,0.000191751,,,,,
0.095823341,0.002876258,-0.000575252,-0.000958753,-0.000191751,,,,,
0.102000369,0.004026761,-0.000958753,-0.000958753,0.000191751,,,,,
0.108124018,0.005177264,-0.000958753,-0.000958753,-0.000191751,,,,,
0.11355665,0.005944266,-0.000958753,-0.000958753,-0.000191751,,,,,
0.119525062,0.006327767,-0.000958753,-0.000958753,0.000191751,,,,,
0.125482347,0.005944266,-0.000958753,-0.000958753,-0.000191751,,,,,
0.131752756,0.005944266,-0.000575252,-0.000575252,-0.000191751,,,,,
0.137193998,0.005944266,-0.000575252,-0.000958753,0.000191751,,,,,
0.142123302,0.005944266,-0.000575252,-0.000575252,-0.000191751,,,,,
0.148097939,0.006327767,-0.000575252,-0.000958753,-0.000191751,,,,,
0.153775083,0.006327767,-0.000575252,-0.000958753,0.000191751,,,,,
0.159246922,0.006327767,-0.000575252,-0.000958753,-0.000191751,,,,,
0.164778497,0.006327767,-0.000575252,-0.000958753,-0.000191751,,,,,
0.17073618,0.006327767,-0.000575252,-0.000958753,0.000191751,,,,,
0.176170667,0.006711268,-0.000575252,-0.000958753,0.000191751,,,,,
0.182128482,0.006327767,-0.000575252,-0.000575252,0.000191751,,,,,
0.187897152,0.006327767,-0.000958753,-0.000958753,0.000191751,,,,,
0.194480552,0.006327767,-0.000958753,-0.000958753,-0.000191751,,,,,
0.199930536,0.006327767,-0.000958753,-0.000958753,0.000191751,,,,,
0.20594928,0.006327767,-0.001342254,-0.000958753,0.000191751,,,,,
0.211630397,0.006327767,-0.001342254,-0.000958753,0.000191751,,,,,
0.217618015,0.005944266,-0.001725755,-0.000575252,0.000191751,,,,,
0.223043097,0.005944266,-0.000958753,-0.000958753,-0.000191751,,,,,
0.22900131,0.006327767,-0.000958753,-0.000958753,0.000191751,,,,,
0.234975153,0.006327767,-0.000958753,-0.000191751,0.000191751,,,,,
0.241247548,0.006327767,-0.000958753,-0.000958753,0.000191751,,,,,
0.247234239,0.006327767,-0.001342254,-0.000958753,0.000191751,,,,,
0.253004365,0.006327767,-0.001725755,-0.000575252,0.000191751,,,,,
0.258970128,0.006327767,-0.001725755,-0.000575252,0.000191751,,,,,
0.264930858,0.006327767,-0.001725755,-0.000958753,0.000191751,,,,,
0.27119822,0.006327767,-0.001725755,-0.000575252,0.000191751,,,,,
0.277176036,0.006327767,-0.001725755,-0.000575252,0.000575252,,,,,
0.283132262,0.006327767,-0.001725755,-0.000958753,0.000191751,,,,,
0.290236738,0.005944266,-0.001342254,-0.000958753,0.000191751,,,,,
0.296493769,0.006327767,-0.001342254,-0.000575252,0.000191751,,,,,
0.303000212,0.006327767,-0.001342254,-0.000958753,0.000191751,,,,,
0.308741331,0.005944266,-0.001342254,-0.000575252,0.000191751,,,,,
0.314717161,0.006327767,-0.001342254,-0.000958753,0.000191751,,,,,
0.320684645,0.006327767,-0.001342254,-0.000958753,0.000191751,,,,,
0.326429341,0.006327767,-0.001342254,-0.000958753,0.000191751,,,,,
0.332929956,0.006327767,-0.001725755,-0.000958753,0.000191751,,,,,
0.338900222,0.006711268,-0.001342254,-0.000958753,0.000191751,,,,,
0.344874197,0.006327767,-0.001725755,-0.000958753,0.000191751,,,,,
0.351126724,0.006327767,-0.001342254,-0.000958753,0.000191751,,,,,
0.356572204,0.006327767,-0.000958753,-0.000958753,0.000191751,,,,,
0.36392,0.006327767,-0.001725755,-0.000958753,0.000191751,,,,,
0.372680691,0.006327767,-0.001725755,-0.000958753,0.000191751,,,,,
0.380515258,0.006327767,-0.001725755,-0.000958753,0.000191751,,,,,
0.388664537,0.006327767,-0.001725755,-0.001342254,0.000191751,,,,,
0.395188994,0.006327767,-0.001342254,-0.001342254,0.000191751,,,,,
0.401140981,0.006327767,-0.001342254,-0.000958753,0.000191751,,,,,
0.406876405,0.006327767,-0.001725755,-0.000575252,0.000191751,,,,,
0.412866539,0.006327767,-0.001342254,-0.000575252,0.000191751,,,,,
0.418842236,0.006327767,-0.001725755,-0.000191751,0.000191751,,,,,
0.425184833,0.006327767,-0.001342254,-0.000958753,0.000191751,,,,,
0.431142648,0.006327767,-0.001725755,-0.001342254,0.000191751,,,,,
0.437168148,0.005944266,-0.001725755,-0.000958753,0.000191751,,,,,
0.443679757,0.005944266,-0.001725755,-0.000958753,0.000191751,,,,,
0.449929635,0.006327767,-0.001342254,-0.000958753,0.000191751,,,,,
0.455918445,0.006327767,-0.001342254,-0.000575252,0.000191751,,,,,
0.462183423,0.006327767,-0.001725755,-0.000958753,0.000191751,,,,,
0.468203492,0.006711268,-0.001342254,-0.000958753,0.000191751,,,,,
0.474724372,0.006327767,-0.001725755,-0.000575252,0.000191751,,,,,
0.481266446,0.006711268,-0.001725755,-0.000958753,0.000191751,,,,,
0.487237109,0.006327767,-0.001342254,-0.000575252,0.000191751,,,,,
0.493510167,0.006711268,-0.000958753,-0.000575252,-0.000191751,,,,,
0.499724547,0.006327767,-0.000958753,-0.000575252,-0.000191751,,,,,
0.505736669,0.006327767,-0.001342254,-0.000958753,0.000191751,,,,,
0.511807336,0.005944266,-0.000958753,-0.000575252,0.000191751,,,,,
0.517556932,0.006327767,-0.001725755,-0.000575252,0.000191751,,,,,
0.523561902,0.006327767,-0.001342254,-0.000958753,0.000191751,,,,,
0.52953336,0.006327767,-0.001342254,-0.001342254,0.000191751,,,,,
0.535822974,0.006327767,-0.001342254,-0.000958753,0.000191751,,,,,
0.542325179,0.006327767,-0.001342254,-0.000958753,0.000191751,,,,,
0.548402071,0.006327767,-0.001342254,-0.000958753,0.000191751,,,,,
0.554945204,0.006327767,-0.001342254,-0.000958753,0.000191751,,,,,
0.561450852,0.006327767,-0.001342254,-0.000958753,0.000191751,,,,,
0.56743039,0.006327767,-0.001342254,-0.000575252,0.000191751,,,,,
0.573955244,0.006327767,-0.001342254,-0.000958753,0.000575252,,,,,
0.580268568,0.006327767,-0.001342254,-0.000958753,0.000191751,,,,,
0.587105089,0.006327767,-0.001342254,-0.000958753,-0.000191751,,,,,
0.593636566,0.006327767,-0.001342254,-0.000958753,0.000191751,,,,,
0.599809223,0.006327767,-0.001342254,-0.000958753,-0.000191751,,,,,
0.606029034,0.006327767,-0.001725755,-0.000958753,0.000191751,,,,,
0.612484349,0.006327767,-0.001725755,-0.000958753,0.000191751,,,,,
0.619004965,0.006327767,-0.001342254,-0.000575252,0.000191751,,,,,
0.624992318,0.006327767,-0.001342254,-0.000958753,0.000575252,,,,,
0.631537437,0.006327767,-0.001342254,-0.001342254,0.000191751,,,,,
0.638061232,0.006327767,-0.000958753,-0.000958753,0.000191751,,,,,
0.644334422,0.005944266,-0.001342254,-0.001342254,0.000191751,,,,,
0.650844309,0.005944266,-0.000958753,-0.000575252,-0.000191751,,,,,
0.657131142,0.005944266,-0.001342254,-0.000958753,0.000575252,,,,,
0.663246579,0.005944266,-0.001342254,-0.000575252,0.000191751,,,,,
0.720257097,0.005944266,-0.001342254,-0.000575252,0.000575252,,,,,
0.726801025,0.006711268,-0.001342254,-0.000575252,0.000191751,,,,,
0.734958119,0.005944266,-0.001725755,-0.000958753,0.000191751,,,,,
0.740690894,0.006327767,-0.001725755,-0.000958753,0.000575252,,,,,
0.747210847,0.005944266,-0.001342254,-0.000958753,0.000191751,,,,,
0.754037831,0.006327767,-0.001725755,-0.000958753,0.000575252,,,,,
0.760013395,0.006327767,-0.001725755,-0.000958753,0.000575252,,,,,
0.766524209,0.006327767,-0.001725755,-0.000575252,0.000191751,,,,,
0.773350795,0.006327767,-0.001725755,-0.000575252,0.000191751,,,,,
0.778784884,0.006327767,-0.001342254,-0.000575252,0.000191751,,,,,
0.784212483,0.006327767,-0.001725755,-0.000575252,0.000191751,,,,,
0.790168842,0.006327767,-0.001725755,-0.000958753,0.000575252,,,,,
0.79640256,0.005944266,-0.001342254,-0.000958753,0.000575252,,,,,
0.803487566,0.006327767,-0.001725755,-0.000958753,0.000575252,,,,,
0.81032051,0.006327767,-0.001725755,-0.000958753,0.000575252,,,,,
0.817373196,0.006327767,-0.001342254,-0.000575252,0.000575252,,,,,
0.824907356,0.006327767,-0.001725755,-0.000958753,0.000191751,,,,,
0.832010905,0.005944266,-0.001342254,-0.000958753,0.000191751,,,,,
0.837987529,0.006327767,-0.000958753,-0.000958753,0.000191751,,,,,
0.844498873,0.006327767,-0.000958753,-0.000958753,0.000575252,,,,,
0.850545963,0.006327767,-0.001725755,-0.000958753,0.000575252,,,,,
0.857913229,0.006711268,-0.001342254,-0.000958753,0.000191751,,,,,
0.864995453,0.006711268,-0.001342254,-0.000958753,0.000575252,,,,,
0.871513817,0.006327767,-0.001342254,-0.000958753,0.000575252,,,,,
0.878338946,0.006711268,-0.001342254,-0.000575252,0.000191751,,,,,
0.886066092,0.006711268,-0.001342254,-0.000575252,0.000575252,,,,,
0.892035564,0.006711268,-0.001342254,-0.001342254,0.000575252,,,,,
0.898537503,0.006327767,-0.001725755,-0.001342254,0.000191751,,,,,
0.906118817,0.006327767,-0.002109256,-0.001342254,0.000575252,,,,,
0.911887619,0.006327767,-0.002109256,-0.000958753,0.000575252,,,,,
0.91841446,0.005944266,-0.002109256,-0.001342254,0.000191751,,,,,
0.92550993,0.006327767,-0.001725755,-0.000958753,0.000575252,,,,,
0.931468805,0.006327767,-0.001725755,-0.000958753,0.000191751,,,,,
0.938314597,0.006327767,-0.002109256,-0.000958753,0.000191751,,,,,
0.945367151,0.005944266,-0.001725755,-0.000958753,0.000191751,,,,,
0.952179299,0.005944266,-0.002109256,-0.000958753,0.000191751,,,,,
0.958679517,0.005944266,-0.002109256,-0.000575252,0.000191751,,,,,
0.964996947,0.005944266,-0.002109256,-0.000575252,0.000575252,,,,,
0.971041123,0.006327767,-0.002492757,-0.000958753,0.000575252,,,,,
0.977872213,0.006327767,-0.002876258,-0.000575252,0.000575252,,,,,
0.984923177,0.005944266,-0.003259759,-0.000958753,0.000191751,,,,,
0.99176036,0.005944266,-0.00364326,-0.000575252,0.000575252,,,,,
0.998265346,0.005944266,-0.004026761,-0.000575252,0.000575252,,,,,
1.005320417,0.005560765,-0.004793763,-0.000958753,0.000575252,,,,,
1.011849642,0.005560765,-0.004793763,-0.000575252,0.000575252,,,,,
1.019199424,0.005944266,-0.005177264,-0.001342254,0.000191751,,,,,
1.026177274,0.005944266,-0.005177264,-0.000958753,0.000575252,,,,,
1.033642424,0.005944266,-0.004793763,-0.001342254,0.000191751,,,,,
1.040705178,0.005944266,-0.005177264,-0.000958753,0.000191751,,,,,
1.046994925,0.006327767,-0.005177264,-0.000958753,0.000191751,,,,,
1.053513421,0.005944266,-0.005177264,-0.000958753,0.000191751,,,,,
1.059472428,0.005944266,-0.005177264,-0.000575252,0.000575252,,,,,
1.065992382,0.005944266,-0.005177264,-0.000575252,0.000191751,,,,,
1.073337793,0.006327767,-0.005177264,-0.000958753,0.000191751,,,,,
1.079449521,0.005944266,-0.005177264,-0.000575252,0.000575252,,,,,
1.085958613,0.006327767,-0.005177264,-0.000958753,0.000575252,,,,,
1.093372769,0.005944266,-0.005177264,-0.000575252,0.000958753,,,,,
1.099891663,0.005944266,-0.005560765,-0.000958753,0.000575252,,,,,
1.105767621,0.006327767,-0.005177264,-0.000958753,0.000958753,,,,,
1.112810903,0.006327767,-0.005177264,-0.001342254,0.001342254,,,,,
1.118938658,0.006327767,-0.005560765,-0.001342254,0.001342254,,,,,
1.124913692,0.006327767,-0.005177264,-0.000958753,0.000958753,,,,,
1.131181187,0.006327767,-0.005177264,-0.000958753,0.000958753,,,,,
1.138232019,0.006327767,-0.005560765,-0.000575252,0.000575252,,,,,
1.144235134,0.006327767,-0.005177264,-0.000958753,0.000575252,,,,,
1.151403454,0.006327767,-0.005560765,-0.001342254,0.000191751,,,,,
1.158822907,0.006327767,-0.005560765,-0.000575252,0.000191751,,,,,
1.166961061,0.006327767,-0.005560765,-0.000958753,0.000191751,,,,,
1.17401388,0.005944266,-0.005560765,-0.000958753,-0.000191751,,,,,
1.182148457,0.005944266,-0.005177264,-0.000958753,-0.000191751,,,,,
1.190126737,0.005944266,-0.005560765,-0.000575252,-0.000191751,,,,,
1.19792223,0.005560765,-0.005560765,-0.000958753,0.000191751,,,,,
1.20477981,0.005560765,-0.005944266,-0.000575252,0.000191751,,,,,
1.210748884,0.005944266,-0.005560765,-0.000575252,0.000575252,,,,,
1.215741237,0.005944266,-0.005560765,-0.000575252,0.000958753,,,,,
1.222367684,0.005944266,-0.005560765,-0.000575252,0.001342254,,,,,
1.228416893,0.005944266,-0.005560765,-0.000958753,0.001342254,,,,,
1.23439312,0.005944266,-0.005560765,-0.000958753,0.001725755,,,,,
1.240733729,0.005560765,-0.005560765,-0.000575252,0.002109256,,,,,
1.247602171,0.005560765,-0.005560765,-0.000575252,0.002492757,,,,,
1.253555881,0.005944266,-0.005560765,-0.000958753,0.002492757,,,,,
1.259866026,0.005560765,-0.005560765,-0.000958753,0.002876258,,,,,
1.265679863,0.005944266,-0.005560765,-0.000575252,0.002876258,,,,,
1.272227897,0.005560765,-0.005560765,-0.000958753,0.00364326,,,,,
1.278549698,0.005560765,-0.005944266,-0.000958753,0.003259759,,,,,
1.284530958,0.005944266,-0.005560765,-0.000575252,0.003259759,,,,,
1.290507846,0.005944266,-0.005944266,-0.000958753,0.003259759,,,,,
1.297057602,0.005944266,-0.005560765,-0.000575252,0.003259759,,,,,
1.304116911,0.005560765,-0.005560765,-0.000958753,0.002876258,,,,,
1.310674482,0.005560765,-0.005560765,-0.000958753,0.003259759,,,,,
1.317191521,0.005560765,-0.005560765,-0.000958753,0.003259759,,,,,
1.323721144,0.005944266,-0.005560765,-0.000958753,0.002876258,,,,,
1.329693264,0.005560765,-0.005560765,-0.000958753,0.003259759,,,,,
1.336204476,0.005560765,-0.005560765,-0.000958753,0.003259759,,,,,
1.342717277,0.005560765,-0.005560765,-0.000958753,0.002876258,,,,,
1.348680523,0.005944266,-0.005560765,-0.001342254,0.003259759,,,,,
1.354421245,0.005560765,-0.005560765,-0.000958753,0.003259759,,,,,
1.360938284,0.005560765,-0.005560765,-0.000575252,0.002876258,,,,,
1.367481947,0.005560765,-0.005560765,-0.000958753,0.002876258,,,,,
1.373142666,0.005177264,-0.005944266,-0.000958753,0.002876258,,,,,
1.379471223,0.005560765,-0.005560765,-0.000958753,0.002876258,,,,,
1.385426786,0.005560765,-0.005560765,-0.000958753,0.002876258,,,,,
1.391393211,0.005560765,-0.005560765,-0.000958753,0.002876258,,,,,
1.397360298,0.005944266,-0.005944266,-0.000958753,0.002876258,,,,,
1.403331492,0.005560765,-0.005560765,-0.001342254,0.003259759,,,,,
1.409198576,0.005560765,-0.005944266,-0.000958753,0.002876258,,,,,
1.415176392,0.005560765,-0.005560765,-0.000958753,0.003259759,,,,,
1.421444813,0.005560765,-0.005944266,-0.000958753,0.003259759,,,,,
1.427426073,0.005944266,-0.005944266,-0.000958753,0.003259759,,,,,
1.433926291,0.005560765,-0.005944266,-0.000958753,0.002876258,,,,,
1.439665423,0.005944266,-0.005944266,-0.000958753,0.003259759,,,,,
1.445641915,0.005560765,-0.005560765,-0.000958753,0.003259759,,,,,
1.452152597,0.005944266,-0.005944266,-0.000958753,0.003259759,,,,,
1.458119684,0.005560765,-0.005944266,-0.000958753,0.003259759,,,,,
1.464384264,0.005944266,-0.005944266,-0.000958753,0.003259759,,,,,
1.470989916,0.005560765,-0.005560765,-0.000958753,0.00364326,,,,,
1.47752391,0.005560765,-0.005944266,-0.001342254,0.003259759,,,,,
1.484031545,0.005944266,-0.005944266,-0.000958753,0.003259759,,,,,
1.490318113,0.005944266,-0.005560765,-0.000958753,0.003259759,,,,,
1.496298711,0.005944266,-0.005944266,-0.000958753,0.003259759,,,,,
1.503061983,0.005560765,-0.005944266,-0.001342254,0.003259759,,,,,
1.509015428,0.005560765,-0.006327767,-0.001342254,0.00364326,,,,,
1.515517235,0.005560765,-0.005560765,-0.000575252,0.00364326,,,,,
1.521814532,0.005560765,-0.005944266,-0.000958753,0.00364326,,,,,
1.528344684,0.005944266,-0.005944266,-0.000575252,0.004410262,,,,,
1.534899473,0.005944266,-0.005944266,-0.000958753,0.004793763,,,,,
1.541402207,0.005560765,-0.005944266,-0.000958753,0.005944266,,,,,
1.548781792,0.005560765,-0.005944266,-0.000958753,0.006327767,,,,,
1.556356351,0.005944266,-0.005944266,-0.000958753,0.006711268,,,,,
1.563948658,0.005560765,-0.005944266,-0.000958753,0.006711268,,,,,
1.570788357,0.005944266,-0.005944266,-0.001342254,0.007861771,,,,,
1.57788078,0.005560765,-0.005944266,-0.001342254,0.009012275,,,,,
1.58406655,0.005944266,-0.005944266,-0.001342254,0.010162778,,,,,
1.58951362,0.005560765,-0.005944266,-0.001342254,0.011696781986357152,,,,,
1.594938437,0.005560765,-0.006327767,-0.001342254,0.013997788278755863,,,,,
1.60068406,0.005560765,-0.006327767,-0.001342254,0.016682296,,,,,
1.606196298,0.005560765,-0.005944266,-0.001725755,0.019366803,,,,,
1.612222724,0.005560765,-0.006327767,-0.001342254,0.022434811,,,,,
1.618192991,0.005177264,-0.005944266,-0.001342254,0.025886321,,,,,
1.623651849,0.005560765,-0.005944266,-0.001342254,0.031255335471740864,,,,,
1.629966762,0.005560765,-0.005944266,-0.001725755,0.039308857495134575,,,,,
1.635931333,0.005560765,-0.005944266,-0.001725755,0.048896384,,,,,
1.641922262,0.005560765,-0.006327767,-0.001725755,0.061168417,,,,,
1.64839122,0.005560765,-0.006327767,-0.001342254,0.07305695,,,,,
1.65435142,0.005560765,-0.006327767,-0.001342254,0.085712484,,,,,
1.660644213,0.005177264,-0.006711268,-0.001725755,0.10066902529241695,,,,,
1.666926278,0.005177264,-0.006327767,-0.001342254,0.11792657248540195,,,,,
1.672905816,0.004793763,-0.006711268,-0.001725755,0.13556762072712125,,,,,
1.67885436,0.005177264,-0.006711268,-0.001342254,0.15359217001757308,,,,,
1.684874958,0.004793763,-0.006711268,-0.001342254,0.17276722245422427,,,,,
1.690832906,0.004793763,-0.006711268,-0.001725755,0.19501028328073922,,,,,
1.697362661,0.004410262,-0.006711268,-0.001725755,0.21725334410725416,,,,,
1.703352796,0.004026761,-0.006711268,-0.001725755,0.24179741122616782,,,,,
1.709643337,0.004026761,-0.006711268,-0.000958753,0.2678754825400116,,,,,
1.715261804,0.004026761,-0.006711268,-0.001342254,0.295487558,,,,,
1.721756988,0.004410262,-0.007094769,-0.001342254,0.3227161325088339,,,,,
1.72773295,0.004410262,-0.006711268,-0.001342254,0.35301271535874257,,,,,
1.733691692,0.004410262,-0.006711268,-0.001342254,0.3844598013548488,,,,,
1.739827659,0.004793763,-0.006711268,-0.001342254,0.4162903883996929,,,,,
1.746353441,0.004793763,-0.006711268,-0.000958753,0.4527229880293291,,,,,
1.752755907,0.005177264,-0.006711268,-0.000958753,0.49030609080516463,,,,,
1.759037707,0.005560765,-0.007094769,-0.001342254,0.5275056925322676,,,,,
1.765057378,0.005560765,-0.006711268,-0.000958753,0.5627877890157045,,,,,
1.77134143,0.005560765,-0.006711268,-0.001725755,0.6019048959864719,,,,,
1.777864032,0.005560765,-0.006711268,-0.001725755,0.6383374956161099,,,,,
1.783957481,0.005560765,-0.006711268,-0.001725755,0.6763040994406779,,,,,
1.790024572,0.005560765,-0.006711268,-0.002109256,0.7138872022165135,,,,,
1.795837879,0.005177264,-0.006711268,-0.002109256,0.7518538060410815,,,,,
1.802166303,0.005177264,-0.006711268,-0.001725755,0.7882864056707195,,,,,
1.807669931,0.005177264,-0.006711268,-0.001725755,0.8247190053003557,,,,,
1.813508934,0.004793763,-0.006711268,-0.001725755,0.8600011017837925,,,,,
1.819488075,0.004410262,-0.006711268,-0.001342254,0.8960502003646962,,,,,
1.825774113,0.004026761,-0.006711268,-0.001725755,0.9309487957994005,,,,,
1.831764248,0.00364326,-0.006711268,-0.001725755,0.9631628838929753,,,,,
1.837477022,0.002876258,-0.006711268,-0.002109256,0.9953769719865484,,,,,
1.842987405,0.002109256,-0.006711268,-0.001725755,1.025673554836457,,,,,
1.848404275,0.001342254,-0.006711268,-0.001725755,1.0532856303452327,,,,,
1.854169634,0.000191751,-0.006711268,-0.001725755,1.0808977058540101,,,,,
1.860141489,-0.000575252,-0.006711268,-0.001725755,1.1065922761191231,,,,,
1.865566836,-0.001725755,-0.006711268,-0.001725755,1.130369341,,,,,
1.871847179,-0.003259759,-0.006711268,-0.001725755,1.1529959030158174,,,,,
1.878356139,-0.004793763,-0.006711268,-0.001725755,1.171787454403736,,,,,
1.884105868,-0.005560765,-0.006711268,-0.001725755,1.1886615005479904,,,,,
1.889532937,-0.005944266,-0.006327767,-0.002109256,1.203234540399846,,,,,
1.895491944,-0.006711268,-0.006711268,-0.001725755,1.2155065739593027,,,,,
1.902002096,-0.006327767,-0.006327767,-0.001725755,1.2254776012263608,,,,,
1.90827224,-0.005944266,-0.006327767,-0.002109256,1.2289291106649571,,,,,
1.914788352,-0.005560765,-0.006327767,-0.001342254,1.226244603323826,,,,,
1.921295855,-0.005177264,-0.006327767,-0.001725755,1.220492087592831,,,,,
1.928657161,-0.004793763,-0.006327767,-0.001725755,1.2097540582283077,,,,,
1.935065058,-0.00364326,-0.006711268,-0.001725755,1.1932635131327878,,,,,
1.941143937,-0.003259759,-0.006327767,-0.001725755,1.1721709554524686,,,,,
1.946538952,-0.001725755,-0.006327767,-0.001725755,1.1487773914797543,,,,,
1.952512132,-0.001342254,-0.006327767,-0.001342254,1.1215488170197112,,,,,
1.958352857,-0.000958753,-0.006327767,-0.001342254,1.0885677268286713,,,,,
1.964429484,-0.000958753,-0.006327767,-0.001725755,1.0494506198579039,,,,,
1.970918311,-0.000575252,-0.006327767,-0.001725755,1.0080325065947378,,,,,
1.97689414,-0.000191751,-0.006327767,-0.001342254,0.9604783765518441,,,,,
1.983715561,0.000191751,-0.006327767,-0.001725755,0.9060212276317543,,,,,
1.99081103,0.000191751,-0.006711268,-0.001725755,0.848879571,,,,,
1.99677772,-0.000191751,-0.006711268,-0.001342254,0.7856018983295883,,,,,
2.003829877,-0.000575252,-0.006327767,-0.001725755,0.7131202001190466,,,,,
2.011460331,-0.000191751,-0.006327767,-0.001725755,0.6245314578617212,,,,,
2.019909753,-0.000575252,-0.006327767,-0.002109256,0.5409282292379238,,,,,
2.027597295,-0.002492757,-0.006711268,-0.001725755,0.46384451844258656,,,,,
2.034028769,-0.004410262,-0.006327767,-0.001342254,0.3905958181345781,,,,,
2.040128708,-0.005944266,-0.006711268,-0.001342254,0.3223326314601014,,,,,
2.046269311,-0.007861771,-0.006711268,-0.001725755,0.2533024426881578,,,,,
2.052229643,-0.01092978,-0.006711268,-0.001725755,0.1812042455263505,,,,,
2.058206002,-0.013614287,-0.006711268,-0.001725755,0.10066902529241695,,,,,
2.065790229,-0.017832799,-0.006711268,-0.001725755,0.019366803,,,,,
2.072842386,-0.022434811,-0.006711268,-0.001725755,-0.054265398,,,,,
2.079684337,-0.025886321,-0.006711268,-0.002109256,-0.131349109,,,,,
2.086202303,-0.02933783,-0.006327767,-0.002492757,-0.202680304,,,,,
2.092504104,-0.030488333,-0.006711268,-0.002492757,-0.271710493,,,,,
2.099068032,-0.030488333,-0.006327767,-0.002492757,-0.341891185,,,,,
2.10540096,-0.031255335,-0.006711268,-0.002492757,-0.413605881,,,,,
2.112447553,-0.033172841,-0.006711268,-0.002492757,-0.480718565,,,,,
2.118957705,-0.036240849,-0.006711268,-0.002492757,-0.547064246,,,,,
2.125468519,-0.04007586,-0.006711268,-0.002109256,-0.607657412,,,,,
2.131960789,-0.043527369,-0.006711268,-0.002109256,-0.663648565,,,,,
2.138189872,-0.04736238,-0.006711268,-0.002492757,-0.714654204,,,,,
2.144333919,-0.050813889,-0.006711268,-0.002492757,-0.763358838,,,,,
2.150872813,-0.054265398,-0.006711268,-0.002876258,-0.808995462,,,,,
2.156860166,-0.057333407,-0.006711268,-0.002876258,-0.84466106,,,,,
2.162635194,-0.061935419,-0.006711268,-0.002876258,-0.878025651,,,,,
2.168619765,-0.065386929,-0.006711268,-0.002492757,-0.906021228,,,,,
2.17480633,-0.069988941,-0.006711268,-0.002492757,-0.927497286,,,,,
2.180769841,-0.074974455,-0.006711268,-0.002492757,-0.946672339,,,,,
2.187103828,-0.079959969,-0.006711268,-0.002876258,-0.959327873,,,,,
2.193067206,-0.08417848,-0.006711268,-0.002492757,-0.968531899,,,,,
2.199581199,-0.088780493,-0.007094769,-0.002876258,-0.971599907,,,,,
2.205850681,-0.094533009,-0.007094769,-0.002876258,-0.969682402,,,,,
2.211844524,-0.099135021,-0.007094769,-0.002876258,-0.963546385,,,,,
2.217971087,-0.104887537,-0.006711268,-0.002109256,-0.952041353,,,,,
2.223996984,-0.10987305,-0.006711268,-0.002109256,-0.934400305,,,,,
2.229898373,-0.114091562,-0.007094769,-0.002109256,-0.912157244,,,,,
2.235848771,-0.118310074,-0.006711268,-0.002109256,-0.883011165,,,,,
2.242157459,-0.122145084,-0.007094769,-0.001725755,-0.840826049,,,,,
2.24875119,-0.125980095,-0.007094769,-0.001342254,-0.800558439,,,,,
2.254698806,-0.129048103,-0.007094769,-0.000958753,-0.749936301,,,,,
2.260432243,-0.131349109,-0.006711268,-0.000958753,-0.697013156,,,,,
2.266392708,-0.132499612,-0.007094769,0.000191751,-0.638337496,,,,,
2.272145748,-0.133266614,-0.007094769,0.000191751,-0.573525818,,,,,
2.278111643,-0.132499612,-0.007094769,0.000191751,-0.504879131,,,,,
2.284137805,-0.132116111,-0.007094769,0.000191751,-0.433164435,,,,,
2.29019973,-0.131349109,-0.007094769,0.000191751,-0.353396216,,,,,
2.296389606,-0.130198606,-0.006711268,0.000191751,-0.272860996,,,,,
2.302271922,-0.127514099,-0.007094769,-0.000191751,-0.196160786,,,,,
2.308277157,-0.125596593,-0.006711268,0.000191751,-0.115242065,,,,,
2.314284907,-0.124829591,-0.006711268,0.000191751,-0.035090346,,,,,
2.320249346,-0.123295587,-0.006711268,0.000191751,0.048129382,,,,,
2.325995896,-0.122912086,-0.006327767,0.000191751,0.12598009450879566,,,,,
2.332015038,-0.120994581,-0.006711268,-0.000191751,0.20152980110920105,,,,,
2.337634034,-0.119077076,-0.006711268,0.000191751,0.27707950770960466,,,,,
2.343665759,-0.116776069,-0.006711268,-0.000191751,0.35454671955367445,,,,,
2.34962874,-0.114091562,-0.006711268,-0.000191751,0.42702841776421785,,,,,
2.355549733,-0.110640053,-0.007094769,-0.000191751,0.49874311387729087,,,,,
2.361810605,-0.106805042,-0.007094769,-0.000575252,0.5670063005517676,,,,,
2.367619673,-0.103353533,-0.006711268,-0.000575252,0.6310509756901812,,,,,
2.373110453,-0.099518522,-0.006711268,-0.001342254,0.6996976634133922,,,,,
2.379395299,-0.096067013,-0.006711268,-0.000958753,0.762975336,,,,,
2.385895915,-0.092615503,-0.006711268,-0.000958753,0.8212674958617576,,,,,
2.391863532,-0.089163994,-0.006711268,-0.000958753,0.8764916468793125,,,,,
2.397830354,-0.085328983,-0.006711268,-0.000958753,0.9267302842633374,,,,,
2.403180069,-0.081493973,-0.006327767,-0.001342254,0.9731339111600334,,,,,
2.408937481,-0.078042463,-0.006327767,-0.001342254,1.0218385443491265,,,,,
2.414916224,-0.076124958,-0.006327767,-0.000958753,1.0663246660021564,,,,,
2.420554426,-0.074207453,-0.006327767,-0.001342254,1.109660284508987,,,,,
2.426599926,-0.071139445,-0.006327767,-0.000958753,1.1483938904310218,,,,,
2.432543039,-0.068454937,-0.006711268,-0.000958753,1.1832924858657297,,,,,
2.438623243,-0.065386929,-0.006327767,-0.000958753,1.2128220666181715,,,,,
2.444614569,-0.060784916,-0.006327767,-0.001342254,1.2350651274446864,,,,,
2.451204194,-0.056566405,-0.006711268,-0.001342254,1.2488711651990752,,,,,
2.457277113,-0.054648899,-0.006327767,-0.001725755,1.2588421924661333,,,,,
2.464131249,-0.050813889,-0.006327767,-0.001342254,1.2626772029534639,,,,,
2.470663389,-0.048512883,-0.006327767,-0.001342254,1.2607596977097977,,,,,
2.477163474,-0.046211876,-0.006327767,-0.001342254,1.2553906830275352,,,,,
2.483798001,-0.044677872,-0.006711268,-0.001342254,1.2419681463218808,,,,,
2.490118345,-0.042376866,-0.006327767,-0.001725755,1.2231765949339621,,,,,
2.49606755,-0.039692359,-0.006327767,-0.001725755,1.201700536204914,,,,,
2.502051724,-0.038158354,-0.006327767,-0.001342254,1.1748554627935999,,,,,
2.508542538,-0.036240849,-0.006327767,-0.001342254,1.141107370505095,,,,,
2.515054544,-0.034706845,-0.006327767,-0.001342254,1.097388251,,,,,
2.521323628,-0.034323344,-0.006327767,-0.001725755,1.0498341209066364,,,,,
2.527313497,-0.034323344,-0.006327767,-0.001342254,0.9976779782789453,,,,,
2.533266942,-0.034323344,-0.006327767,-0.001725755,0.9405363220177261,,,,,
2.539279991,-0.034323344,-0.006327767,-0.001342254,0.8764916468793125,,,,,
2.545564572,-0.034706845,-0.006327767,-0.001342254,0.8089954623023026,,,,,
2.551519076,-0.034706845,-0.006327767,-0.001342254,0.7368972651404953,,,,,
2.557491859,-0.034706845,-0.006327767,-0.001342254,0.6575125480527593,,,,,
2.563992076,-0.03662435,-0.006711268,-0.000958753,0.5777443299162925,,,,,
2.56996221,-0.039692359,-0.006327767,-0.001342254,0.4891555876589653,,,,,
2.57625752,-0.044294371,-0.006711268,-0.001342254,0.4009503464503723,,,,,
2.582234939,-0.050046887,-0.006327767,-0.001342254,0.3161966146803721,,,,,
2.588243749,-0.055799403,-0.006711268,-0.001342254,0.22722437137431228,,,,,
2.594894966,-0.062702421,-0.007094769,-0.000958753,0.13595112177585378,,,,,
2.60109822,-0.06960544,-0.007094769,-0.001342254,0.048512882664725865,,,,,
2.607065704,-0.078042463,-0.006711268,-0.001342254,-0.038158354,,,,,
2.613587115,-0.086862988,-0.007094769,-0.001342254,-0.124829591,,,,,
2.620146672,-0.094533009,-0.006711268,-0.002109256,-0.201529801,,,,,
2.626107799,-0.101436027,-0.006711268,-0.002109256,-0.274011499,,,,,
2.632404036,-0.106421541,-0.006711268,-0.002109256,-0.350711709,,,,,
2.638922003,-0.110256552,-0.006711268,-0.002876258,-0.421275902,,,,,
2.645476527,-0.111790556,-0.006711268,-0.00364326,-0.487621583,,,,,
2.651474608,-0.111407055,-0.007094769,-0.004410262,-0.556268271,,,,,
2.65784502,-0.111790556,-0.007094769,-0.004793763,-0.619545944,,,,,
2.664348019,-0.112174057,-0.006711268,-0.005177264,-0.677071102,,,,,
2.670329014,-0.113708061,-0.007094769,-0.007094769,-0.72769324,,,,,
2.676289876,-0.116009067,-0.007094769,-0.010162778,-0.779082381,,,,,
2.682792346,-0.119077076,-0.007094769,-0.013230786,-0.826253009,,,,,
2.689125538,-0.122145084,-0.006711268,-0.013997788,-0.867671123,,,,,
2.695122295,-0.12444609,-0.007094769,-0.013614287,-0.902569718,,,,,
2.701700264,-0.127514099,-0.007094769,-0.013997788,-0.9324828,,,,,
2.707668543,-0.130198606,-0.006711268,-0.013614287,-0.953575358,,,,,
2.713674307,-0.132116111,-0.007094769,-0.013614287,-0.969298901,,,,,
2.718947993,-0.133266614,-0.007094769,-0.013997788,-0.980420431,,,,,
2.724915346,-0.135567621,-0.007094769,-0.013614287,-0.985022444,,,,,
2.730897135,-0.137868627,-0.007094769,-0.013230786,-0.982337936,,,,,
2.73690833,-0.139402631,-0.007094769,-0.013230786,-0.975434917,,,,,
2.742995554,-0.140936635,-0.007094769,-0.013230786,-0.963929886,,,,,
2.748970191,-0.142087139,-0.006711268,-0.012847285,-0.945905337,,,,,
2.755726576,-0.14247064,-0.007094769,-0.012463784,-0.920210766,,,,,
2.761831946,-0.142087139,-0.007094769,-0.011696782,-0.89221519,,,,,
2.767445379,-0.141703638,-0.00747827,-0.011313281,-0.8592341,,,,,
2.773333788,-0.140936635,-0.007094769,-0.010546279,-0.801708942,,,,,
2.782024675,-0.140936635,-0.007094769,-0.01092978,-0.721557223,,,,,
2.791786724,-0.140936635,-0.007094769,-0.010162778,-0.641789005,,,,,
2.79968924,-0.140936635,-0.00747827,-0.010162778,-0.558952779,,,,,
2.807288435,-0.139786132,-0.007094769,-0.010162778,-0.479951562,,,,,
2.814004156,-0.139786132,-0.006711268,-0.009779277,-0.415523386,,,,,
2.819097307,-0.137485126,-0.007094769,-0.009779277,-0.346109696,,,,,
2.824815512,-0.134800619,-0.007094769,-0.010162778,-0.271326992,,,,,
2.830713855,-0.13173261,-0.007094769,-0.009779277,-0.195393784,,,,,
2.83621033,-0.129048103,-0.007094769,-0.010162778,-0.12061108,,,,,
2.842163112,-0.126363596,-0.007094769,-0.009779277,-0.044294371,,,,,
2.847905556,-0.124062589,-0.007094769,-0.010162778,0.038158354,,,,,
2.853971322,-0.121761583,-0.007094769,-0.009779277,0.12406258926513125,,,,,
2.860271003,-0.117543071,-0.006711268,-0.009779277,0.20114630006046674,,,,,
2.866150008,-0.112557558,-0.006711268,-0.010162778,0.27477850141720594,,,,,
2.871897883,-0.10603804,-0.006711268,-0.009779277,0.34687669857901327,,,,,
2.87785689,-0.100669025,-0.007094769,-0.009779277,0.4220429041306879,,,,,
2.883892059,-0.093382505,-0.006711268,-0.010162778,0.49644210758489216,,,,,
2.889874379,-0.086479486,-0.007094769,-0.010162778,0.5670063005517676,,,,,
2.89594584,-0.079959969,-0.007094769,-0.010162778,0.6341189840800467,,,,,
2.901903788,-0.073823952,-0.007094769,-0.010162778,0.7035326739007228,,,,,
2.908208503,-0.068071436,-0.006711268,-0.010162778,0.7599073280644753,,,,,
2.913643916,-0.062702421,-0.007094769,-0.010162778,0.8155149801307626,,,,,
2.919060522,-0.057716908,-0.006711268,-0.010162778,0.8676711227584537,,,,,
2.924805482,-0.053114895,-0.006711268,-0.010162778,0.9171427580450118,,,,,
2.930230697,-0.048129382,-0.006711268,-0.010162778,0.9666143933315716,,,,,
2.935522795,-0.04391087,-0.006711268,-0.010162778,1.0118675170820683,,,,,
2.941403124,-0.040842862,-0.006711268,-0.010162778,1.0571206408325633,,,,,
2.947371006,-0.038541855,-0.006711268,-0.010162778,1.1000727582906613,,,,,
2.952852779,-0.037391352,-0.006711268,-0.010162778,1.140340368407628,,,,,
2.959354851,-0.035857348,-0.006711268,-0.010162778,1.1763894669885318,,,,,
2.965106964,-0.033172841,-0.006711268,-0.010162778,1.2078365529846415,,,,,
2.971086767,-0.032022338,-0.006711268,-0.010162778,1.2319971190548227,,,,,
2.977104319,-0.031255335,-0.006711268,-0.010162778,1.2500216683452745,,,,,
2.983108759,-0.030488333,-0.006711268,-0.010162778,1.2607596977097977,,,,,
2.989359299,-0.030488333,-0.006711268,-0.010162778,1.2649782092458608,,,,,
2.995400561,-0.030104832,-0.006711268,-0.010162778,1.2622937019047296,,,,,
3.001383013,-0.030104832,-0.006327767,-0.010162778,1.256157685125002,,,,,
3.007882966,-0.029721331,-0.006711268,-0.010162778,1.2435021505168127,,,,,
3.013860252,-0.030488333,-0.006711268,-0.010546279,1.2235600959826964,,,,,
3.020135032,-0.030104832,-0.006327767,-0.010162778,1.2009335341074472,,,,,
3.026119338,-0.030488333,-0.006327767,-0.010162778,1.174088460696133,,,,,
3.03207424,-0.029721331,-0.006327767,-0.010162778,1.139573366310163,,,,,
3.038072719,-0.029721331,-0.006327767,-0.010162778,1.1012232614368607,,,,,
3.044032256,-0.02933783,-0.006711268,-0.010162778,1.0586546450274952,,,,,
3.04976662,-0.028954329,-0.006711268,-0.009779277,1.007265504497271,,,,,
3.055743906,-0.028954329,-0.006327767,-0.010162778,0.9497403471873191,,,,,
3.061702119,-0.02933783,-0.006327767,-0.010162778,0.8879966783413025,,,,,
3.068212271,-0.029721331,-0.006711268,-0.010162778,0.8220344979592245,,,,,
3.073983722,-0.030104832,-0.006711268,-0.010162778,0.7518538060410815,,,,,
3.079945114,-0.030871834,-0.007094769,-0.010162778,0.6832071183178723,,,,,
3.08593697,-0.031255335,-0.006711268,-0.010162778,0.605356405,,,,,
3.092463546,-0.03278934,-0.006327767,-0.010162778,0.5240541830936696,,,,,
3.09844825,-0.035473847,-0.006711268,-0.010162778,0.44773747439579914,,,,,
3.104179833,-0.038925356,-0.006711268,-0.010162778,0.3706537636004601,,,,,
3.110137781,-0.045061373,-0.006711268,-0.010162778,0.2977885643411877,,,,,
3.115572664,-0.050046887,-0.006711268,-0.010162778,0.2233893608869817,,,,,
3.121531142,-0.055799403,-0.006711268,-0.010162778,0.14707265218911125,,,,,
3.12696894,-0.061168417,-0.006711268,-0.010162778,0.06960544,,,,,
3.132721186,-0.065386929,-0.006711268,-0.010546279,-0.00747827,,,,,
3.138711055,-0.068838438,-0.006711268,-0.010162778,-0.084945482,,,,,
3.145243857,-0.072673449,-0.006327767,-0.010162778,-0.158194183,,,,,
3.151216772,-0.074207453,-0.006711268,-0.010546279,-0.231059382,,,,,
3.156943056,-0.074590954,-0.006711268,-0.010546279,-0.302390577,,,,,
3.16297253,-0.075741457,-0.006711268,-0.010546279,-0.371037265,,,,,
3.168948624,-0.07689196,-0.007094769,-0.010546279,-0.441984959,,,,,
3.175450299,-0.078042463,-0.007094769,-0.010546279,-0.507563638,,,,,
3.180875911,-0.079959969,-0.006711268,-0.01092978,-0.573142317,,,,,
3.187161419,-0.082260975,-0.006711268,-0.01092978,-0.637570494,,,,,
3.193144268,-0.083027977,-0.006711268,-0.01092978,-0.69471215,,,,,
3.199102746,-0.083794979,-0.007094769,-0.011313281,-0.751470305,,,,,
3.205106788,-0.085712484,-0.007094769,-0.011313281,-0.806310955,,,,,
3.211059305,-0.088013491,-0.007094769,-0.011313281,-0.85578259,,,,,
3.216800955,-0.089163994,-0.007094769,-0.011313281,-0.904487223,,,,,
3.222769101,-0.089930996,-0.007094769,-0.011313281,-0.948206343,,,,,
3.229271041,-0.090697998,-0.007094769,-0.011313281,-0.985022444,,,,,
3.235246473,-0.092232002,-0.007094769,-0.011696782,-1.014935525,,,,,
3.241027461,-0.093766006,-0.007094769,-0.011696782,-1.041397098,,,,,
3.246968587,-0.094149507,-0.007094769,-0.012080283,-1.062106154,,,,,
3.252970245,-0.096450514,-0.007094769,-0.012080283,-1.078980201,,,,,
3.258961307,-0.097601017,-0.006711268,-0.011696782,-1.093169739,,,,,
3.266012536,-0.098368019,-0.007094769,-0.011696782,-1.10083976,,,,,
3.272548782,-0.100669025,-0.007094769,-0.011696782,-1.10083976,,,,,
3.278556003,-0.102970032,-0.00747827,-0.011696782,-1.098922255,,,,,
3.285608424,-0.104504036,-0.007094769,-0.011696782,-1.092402737,,,,,
3.292121357,-0.106805042,-0.007094769,-0.011696782,-1.0785967,,,,,
3.29812275,-0.107572044,-0.007094769,-0.011313281,-1.057504142,,,,,
3.304667075,-0.108722547,-0.007094769,-0.011313281,-1.032960075,,,,,
3.311170075,-0.110256552,-0.007094769,-0.011313281,-1.003046993,,,,,
3.31778725,-0.110640053,-0.007094769,-0.011313281,-0.968531899,,,,,
3.323588901,-0.111407055,-0.007094769,-0.01092978,-0.928264288,,,,,
3.330161969,-0.111790556,-0.007094769,-0.010546279,-0.886079173,,,,,
3.336137931,-0.111790556,-0.007094769,-0.010546279,-0.838141542,,,,,
3.342638943,-0.112174057,-0.007094769,-0.010546279,-0.788286406,,,,,
3.348605765,-0.111790556,-0.007094769,-0.010546279,-0.733829257,,,,,
3.354714314,-0.111790556,-0.007094769,-0.010546279,-0.674770095,,,,,
3.361260096,-0.111407055,-0.007094769,-0.010546279,-0.616477936,,,,,
3.366805447,-0.110640053,-0.007094769,-0.010546279,-0.55588477,,,,,
3.372370534,-0.110256552,-0.007094769,-0.010546279,-0.48647108,,,,,
3.378658824,-0.110640053,-0.007094769,-0.010162778,-0.416290388,,,,,
3.385155996,-0.110256552,-0.007094769,-0.010546279,-0.342658187,,,,,
3.391229974,-0.109106048,-0.006711268,-0.010546279,-0.264040472,,,,,
3.397218519,-0.10603804,-0.007094769,-0.010546279,-0.184655755,,,,,
3.403722843,-0.104120535,-0.007094769,-0.010546279,-0.104887537,,,,,
3.409987953,-0.100285524,-0.007094769,-0.010546279,-0.024352317,,,,,
3.415986962,-0.096834015,-0.007094769,-0.010546279,0.059250912,,,,,
3.422500955,-0.092615503,-0.007094769,-0.010546279,0.1382521280682525,,,,,
3.427975708,-0.088396992,-0.007094769,-0.010546279,0.21917084935091857,,,,,
3.433941868,-0.085328983,-0.007094769,-0.010546279,0.30008957063358643,,,,,
3.440211482,-0.081493973,-0.006711268,-0.010546279,0.37947428772132064,,,,,
3.446720441,-0.078042463,-0.006711268,-0.010546279,0.45617449746792715,,,,,
3.452698655,-0.074974455,-0.006711268,-0.010546279,0.5309572019708639,,,,,
3.458657662,-0.071139445,-0.006711268,-0.010546279,0.6042059022788706,,,,,
3.464935886,-0.068454937,-0.007094769,-0.010162778,0.6740030931482792,,,,,
3.470916086,-0.065003428,-0.007094769,-0.010546279,0.7368972651404953,,,,,
3.476874034,-0.060784916,-0.007094769,-0.010546279,0.8013254413276414,,,,,
3.482606676,-0.057716908,-0.007094769,-0.010546279,0.8626856091249238,,,,,
3.48857469,-0.054265398,-0.007094769,-0.010546279,0.919060263,,,,,
3.494377136,-0.050813889,-0.006711268,-0.010546279,0.9762019195498972,,,,,
3.500335614,-0.048129382,-0.006711268,-0.010546279,1.0310425695187178,,,,,
3.506304026,-0.045828375,-0.006711268,-0.010162778,1.082431710048942,,,,,
3.51236754,-0.044294371,-0.006711268,-0.010546279,1.136121856871565,,,,,
3.518575033,-0.043527369,-0.006711268,-0.010162778,1.1932635131327878,,,,,
3.526178996,-0.043143868,-0.006711268,-0.010546279,1.2431186494680802,,,,,
3.533779383,-0.042760367,-0.007094769,-0.010162778,1.2914397816084389,,,,,
3.541404274,-0.041993365,-0.006711268,-0.010162778,1.3294063854330087,,,,,
3.548752997,-0.041609864,-0.006711268,-0.010162778,1.358552465136718,,,,,
3.555805286,-0.041993365,-0.006711268,-0.010546279,1.3754265112809705,,,,,
3.561448786,-0.041609864,-0.006711268,-0.010546279,1.3869315427429605,,,,,
3.566882743,-0.041609864,-0.006711268,-0.010162778,1.3961355679125536,,,,,
3.573698733,-0.041993365,-0.006711268,-0.010546279,1.3984365742049505,,,,,
3.579676019,-0.041609864,-0.006711268,-0.010162778,1.396519068961286,,,,,
3.585655424,-0.042376866,-0.006711268,-0.010162778,1.390766553230291,,,,,
3.592179351,-0.042760367,-0.006711268,-0.010162778,1.377344016524635,,,,,
3.598689768,-0.042376866,-0.006711268,-0.010162778,1.3574019619905187,,,,,
3.604488638,-0.041993365,-0.006711268,-0.010162778,1.3309403896279406,,,,,
3.61153298,-0.041226363,-0.006327767,-0.010162778,1.300643806778032,,,,,
3.618044191,-0.040459361,-0.006711268,-0.010162778,1.266895714489527,,,,,
3.624077241,-0.039692359,-0.006711268,-0.010162778,1.2258611022750934,,,,,
3.630359438,-0.039308857,-0.006711268,-0.010546279,1.177539970134731,,,,,
3.636873563,-0.039692359,-0.006711268,-0.010162778,1.1273013327507062,,,,,
3.643392457,-0.039692359,-0.006711268,-0.009779277,1.070926678586952,,,,,
3.649391466,-0.039692359,-0.006711268,-0.009779277,1.0076490055460052,,,,,
3.65590281,-0.039692359,-0.006711268,-0.009779277,0.9443713325050567,,,,,
3.662172821,-0.04007586,-0.006711268,-0.009779277,0.8741906405869138,,,,,
3.668682178,-0.04007586,-0.006711268,-0.009779277,0.8017089423763739,,,,,
3.674658669,-0.041609864,-0.006711268,-0.009779277,0.730761248,,,,,
3.680617677,-0.043143868,-0.006327767,-0.009779277,0.6513765312730317,,,,,
3.687157631,-0.045061373,-0.006327767,-0.009395776,0.5704578099903657,,,,,
3.693146441,-0.049279885,-0.006711268,-0.009779277,0.49068959185389716,,,,,
3.699106905,-0.054265398,-0.006711268,-0.009779277,0.4116883758148955,,,,,
3.705115053,-0.059634413,-0.006711268,-0.009779277,0.33115315558096015,,,,,
3.711080684,-0.066153931,-0.006711268,-0.009779277,0.25138493744449164,,,,,
3.717008697,-0.072673449,-0.006711268,-0.009779277,0.16624770462576244,,,,,
3.723463217,-0.078425964,-0.006711268,-0.009779277,0.083411478,,,,,
3.729973502,-0.08417848,-0.006711268,-0.009779277,0.004410262,,,,,
3.7360043,-0.088396992,-0.006711268,-0.009779277,-0.079576468,,,,,
3.742321994,-0.092232002,-0.006711268,-0.010162778,-0.160495189,,,,,
3.74891546,-0.094533009,-0.006711268,-0.010162778,-0.231826384,,,,,
3.754407432,-0.095683512,-0.007094769,-0.009779277,-0.30354108,,,,,
3.760694795,-0.096067013,-0.006711268,-0.009779277,-0.380624791,,,,,
3.767515818,-0.096067013,-0.006711268,-0.010162778,-0.451955986,,,,,
3.773516946,-0.096067013,-0.007094769,-0.009779277,-0.521753177,,,,,
3.779501783,-0.096450514,-0.006327767,-0.010162778,-0.591550368,,,,,
3.786002,-0.097601017,-0.006711268,-0.010162778,-0.66556607,,,,,
3.793056541,-0.099518522,-0.007094769,-0.010546279,-0.728076741,,,,,
3.799433576,-0.100285524,-0.007094769,-0.010546279,-0.785985399,,,,,
3.805421856,-0.100285524,-0.007094769,-0.010546279,-0.842360054,,,,,
3.81163915,-0.100285524,-0.007094769,-0.010546279,-0.892598691,,,,,
3.817405966,-0.099902023,-0.007094769,-0.010546279,-0.940536322,,,,,
3.823658228,-0.100285524,-0.006327767,-0.01092978,-0.983104938,,,,,
3.830027978,-0.101052526,-0.007094769,-0.01092978,-1.019537538,,,,,
3.836001952,-0.101819528,-0.007094769,-0.011313281,-1.050984624,,,,,
3.842511044,-0.102586531,-0.007094769,-0.011313281,-1.075528691,,,,,
3.848178387,-0.102970032,-0.006711268,-0.011313281,-1.095470746,,,,,
3.854509725,-0.103737034,-0.007094769,-0.011313281,-1.11157779,,,,,
3.861077891,-0.105271038,-0.007094769,-0.011313281,-1.121165316,,,,,
3.867246177,-0.107188543,-0.006711268,-0.011313281,-1.123082821,,,,,
3.873638444,-0.107572044,-0.00747827,-0.011313281,-1.120398314,,,,,
3.879826599,-0.108722547,-0.00747827,-0.011313281,-1.113495295,,,,,
3.886334101,-0.10987305,-0.007094769,-0.011313281,-1.098538754,,,,,
3.892651002,-0.110640053,-0.007094769,-0.011313281,-1.078213199,,,,,
3.899219963,-0.110640053,-0.007094769,-0.01092978,-1.051751626,,,,,
3.906302982,-0.110640053,-0.007094769,-0.010546279,-1.021071542,,,,,
3.912823598,-0.110256552,-0.007094769,-0.010546279,-0.985789446,,,,,
3.918818368,-0.110640053,-0.007094769,-0.010546279,-0.94705584,,,,,
3.92429471,-0.110640053,-0.007094769,-0.010546279,-0.905254226,,,,,
3.929924832,-0.111407055,-0.007094769,-0.010546279,-0.85578259,,,,,
3.936187691,-0.111790556,-0.006711268,-0.010546279,-0.801708942,,,,,
3.942154911,-0.112174057,-0.007094769,-0.010162778,-0.745717789,,,,,
3.948123058,-0.112557558,-0.007094769,-0.010162778,-0.686275127,,,,,
3.954099682,-0.112557558,-0.006711268,-0.009779277,-0.625681961,,,,,
3.960058424,-0.112174057,-0.006711268,-0.010162778,-0.55933628,,,,,
3.96607399,-0.111790556,-0.007094769,-0.010162778,-0.48992259,,,,,
3.972590499,-0.111407055,-0.007094769,-0.010162778,-0.418591395,,,,,
3.978704347,-0.111407055,-0.007094769,-0.010162778,-0.345726195,,,,,
3.984710508,-0.111023554,-0.006711268,-0.010162778,-0.269409487,,,,,
3.990995354,-0.111023554,-0.006711268,-0.010162778,-0.198078292,,,,,
3.99682045,-0.111023554,-0.006711268,-0.010162778,-0.125980095,,,,,
4.002927277,-0.111023554,-0.006711268,-0.010162778,-0.048129382,,,,,
4.008898735,-0.110640053,-0.007094769,-0.010162778,0.030104832,,,,,
4.015400675,-0.109489549,-0.007094769,-0.010162778,0.10373703368228071,,,,,
4.021111594,-0.107572044,-0.007094769,-0.010162778,0.1827382497212824,,,,,
4.027544128,-0.106421541,-0.006711268,-0.010162778,0.25982196051661965,,,,,
4.034056001,-0.104887537,-0.006711268,-0.010162778,0.33307066082462455,,,,,
4.039807982,-0.103737034,-0.006711268,-0.010162778,0.4067028621813673,,,,,
4.046142101,-0.102203029,-0.007094769,-0.010162778,0.47880105934317463,,,,,
4.052034749,-0.100285524,-0.007094769,-0.010162778,0.5489817512613158,,,,,
4.058558279,-0.097984518,-0.007094769,-0.010162778,0.6183954410819918,,,,,
4.064533843,-0.095683512,-0.007094769,-0.010162778,0.6824401162204055,,,,,
4.070493513,-0.092232002,-0.006711268,-0.010162778,0.7434167829689553,,,,,
4.076492786,-0.089547495,-0.006711268,-0.010162778,0.8047769507662377,,,,,
4.083024263,-0.086862988,-0.006711268,-0.010162778,0.8634526112223906,,,,,
4.089534548,-0.083794979,-0.006711268,-0.010162778,0.9159922548988142,,,,,
4.095537398,-0.080726971,-0.006711268,-0.010162778,0.9666143933315716,,,,,
4.101831383,-0.078425964,-0.006711268,-0.010162778,1.0210715422516596,,,,,
4.108667771,-0.076508459,-0.006711268,-0.010162778,1.0663246660021564,,,,,
4.114624792,-0.074207453,-0.006711268,-0.010162778,1.1085097813627875,,,,,
4.121109645,-0.071906447,-0.006711268,-0.010162778,1.1480103893822893,,,,,
4.127078586,-0.070372442,-0.006711268,-0.010162778,1.1806079785245984,,,,,
4.133374956,-0.069221939,-0.006711268,-0.010162778,1.2093705571795734,,,,,
4.139382839,-0.067687935,-0.006711268,-0.010162778,1.2342981253472196,,,,,
4.145600796,-0.066920933,-0.006711268,-0.010162778,1.250405169394007,,,,,
4.152028296,-0.066920933,-0.006711268,-0.010162778,1.2599926956123326,,,,,
4.158305989,-0.066920933,-0.006711268,-0.010162778,1.2642112071483957,,,,,
4.164271752,-0.066537432,-0.006711268,-0.010162778,1.263444205050929,,,,,
4.17023566,-0.066920933,-0.006327767,-0.010162778,1.2607596977097977,,,,,
4.177279207,-0.066920933,-0.006327767,-0.010162778,1.251172171491472,,,,,
4.183788697,-0.066537432,-0.006711268,-0.010162778,1.233914624298487,,,,,
4.190080298,-0.066153931,-0.006711268,-0.010162778,1.2116715634719721,,,,,
4.196624623,-0.064619927,-0.006711268,-0.010162778,1.185976993206861,,,,,
4.203045633,-0.063085923,-0.006711268,-0.010162778,1.1560639114056812,,,,,
4.208998813,-0.060784916,-0.007094769,-0.010162778,1.1223158191171763,,,,,
4.215361807,-0.058100409,-0.006711268,-0.010162778,1.0828152110976763,,,,,
4.221336577,-0.056182904,-0.006711268,-0.010162778,1.0417805988832427,,,,,
4.227323267,-0.053881897,-0.006711268,-0.010162778,0.994226469,,,,,
4.233561754,-0.05119739,-0.006327767,-0.009779277,0.9424538272613923,,,,,
4.239537054,-0.050046887,-0.006711268,-0.010162778,0.891064687,,,,,
4.245833291,-0.049663386,-0.006711268,-0.010162778,0.8350735336161463,,,,,
4.251262082,-0.049663386,-0.006711268,-0.010162778,0.7760143721112627,,,,,
4.257543352,-0.050046887,-0.006327767,-0.010162778,0.7154212064114454,,,,,
4.263616801,-0.050813889,-0.006711268,-0.010162778,0.6402550008597743,,,,,
4.270442062,-0.05119739,-0.006711268,-0.010162778,0.5689238057954338,,,,,
4.276953936,-0.053498396,-0.006711268,-0.010162778,0.47688355409950844,,,,,
4.285634756,-0.055415902,-0.006711268,-0.010162778,0.3928968244269786,,,,,
4.292684793,-0.058867411,-0.006711268,-0.010162778,0.30200707587725084,,,,,
4.29981192,-0.061551918,-0.006327767,-0.010162778,0.23220988500784223,,,,,
4.305723111,-0.063469424,-0.006711268,-0.009779277,0.16471370043083056,,,,,
4.311272171,-0.06577043,-0.006711268,-0.010162778,0.092999004,,,,,
4.317153825,-0.067687935,-0.006711268,-0.010162778,0.017449297717352152,,,,,
4.323308865,-0.069988941,-0.006711268,-0.010162778,-0.060401415,,,,,
4.329819414,-0.071139445,-0.007094769,-0.010162778,-0.134800619,,,,,
4.335252311,-0.072289948,-0.006711268,-0.010162778,-0.211117327,,,,,
4.341763126,-0.072289948,-0.006711268,-0.010162778,-0.286667034,,,,,
4.34772306,-0.072673449,-0.006711268,-0.010162778,-0.360299235,,,,,
4.353746441,-0.07305695,-0.006711268,-0.010162778,-0.430479927,,,,,
4.35970717,-0.073440451,-0.006711268,-0.010162778,-0.500660619,,,,,
4.365927776,-0.074207453,-0.007094769,-0.010162778,-0.572758816,,,,,
4.372208251,-0.074974455,-0.006711268,-0.010162778,-0.642172506,,,,,
4.378727807,-0.074974455,-0.006711268,-0.010162778,-0.704683177,,,,,
4.384825097,-0.075357956,-0.006711268,-0.009779277,-0.767193848,,,,,
4.391339885,-0.075357956,-0.007094769,-0.009779277,-0.826253009,,,,,
4.397852288,-0.075357956,-0.006711268,-0.010162778,-0.884161668,,,,,
4.404897822,-0.075357956,-0.006711268,-0.010546279,-0.932099299,,,,,
4.411177105,-0.075357956,-0.007094769,-0.010162778,-0.975818419,,,,,
4.417148961,-0.07689196,-0.006711268,-0.010162778,-1.018003534,,,,,
4.423259099,-0.078425964,-0.007094769,-0.010162778,-1.051751626,,,,,
4.429244598,-0.079576468,-0.006711268,-0.010546279,-1.08243171,,,,,
4.435257514,-0.081493973,-0.007094769,-0.010546279,-1.10812628,,,,,
4.441758792,-0.083027977,-0.007094769,-0.010546279,-1.128451836,,,,,
4.447726806,-0.083794979,-0.006711268,-0.010546279,-1.14455888,,,,,
4.45372502,-0.084945482,-0.007094769,-0.010546279,-1.156447412,,,,,
4.460326301,-0.086862988,-0.006711268,-0.010546279,-1.161432926,,,,,
4.46664532,-0.088013491,-0.007094769,-0.010546279,-1.158748419,,,,,
4.47288394,-0.088013491,-0.00747827,-0.010546279,-1.154913408,,,,,
4.47887169,-0.088780493,-0.007094769,-0.010546279,-1.146476385,,,,,
4.484735992,-0.088780493,-0.00747827,-0.010546279,-1.131519844,,,,,
4.490922822,-0.088013491,-0.00747827,-0.010162778,-1.110043786,,,,,
4.497958687,-0.088013491,-0.007094769,-0.010162778,-1.085116217,,,,,
4.503932397,-0.088013491,-0.007094769,-0.010162778,-1.055203136,,,,,
4.510500961,-0.088013491,-0.007094769,-0.010546279,-1.02030454,,,,,
4.51636619,-0.088013491,-0.007094769,-0.010162778,-0.982337936,,,,,
4.522652361,-0.087246489,-0.00747827,-0.010162778,-0.939385819,,,,,
4.528638389,-0.08762999,-0.007094769,-0.010162778,-0.890681186,,,,,
4.53519702,-0.088013491,-0.007094769,-0.010162778,-0.837758041,,,,,
4.541470475,-0.088013491,-0.007094769,-0.010162778,-0.781383387,,,,,
4.54774989,-0.088396992,-0.007094769,-0.010162778,-0.720790221,,,,,
4.553982947,-0.088013491,-0.007094769,-0.010162778,-0.66173106,,,,,
4.560472568,-0.088013491,-0.007094769,-0.010162778,-0.595768879,,,,,
4.56649065,-0.088013491,-0.007094769,-0.010162778,-0.525971688,,,,,
4.572765827,-0.08762999,-0.007094769,-0.010162778,-0.458092003,,,,,
4.578683906,-0.088013491,-0.007094769,-0.010162778,-0.386377307,,,,,
4.584676954,-0.08762999,-0.007094769,-0.010162778,-0.313512107,,,,,
4.591177569,-0.088396992,-0.007094769,-0.010162778,-0.240263407,,,,,
4.597709311,-0.088013491,-0.007094769,-0.010162778,-0.161262191,,,,,
4.603705671,-0.088013491,-0.006711268,-0.009779277,-0.082260975,,,,,
4.610284832,-0.088013491,-0.006711268,-0.009779277,-0.008245273,,,,,
4.616253111,-0.08762999,-0.006711268,-0.010162778,0.074590954,,,,,
4.622866975,-0.08762999,-0.006711268,-0.010162778,0.1597281867973006,,,,,
4.629584286,-0.087246489,-0.006711268,-0.010162778,0.23642839654390535,,,,,
4.636081722,-0.086479486,-0.006711268,-0.010162778,0.30852659370571267,,,,,
4.64205477,-0.085328983,-0.007094769,-0.010162778,0.3848433024035831,,,,,
4.648332596,-0.083794979,-0.006711268,-0.010162778,0.4565579985166597,,,,,
4.654843012,-0.081877474,-0.006711268,-0.010162778,0.5263551893860683,,,,,
4.660572211,-0.079959969,-0.007094769,-0.010162778,0.5976863844504088,,,,,
4.667074018,-0.077275461,-0.007094769,-0.010162778,0.6621145606375567,,,,,
4.673041768,-0.073823952,-0.006711268,-0.010162778,0.7219407242399072,,,,,
4.679095745,-0.069988941,-0.006711268,-0.010162778,0.7833008920371896,,,,,
4.684835805,-0.066153931,-0.006711268,-0.010162778,0.8435105566882726,,,,,
4.690812164,-0.06231892,-0.006711268,-0.010162778,0.8987347077058274,,,,,
4.696811835,-0.059634413,-0.006711268,-0.010162778,0.9516578524309836,,,,,
4.703435633,-0.057333407,-0.007094769,-0.010162778,1.0041974961074072,,,,,
4.709395038,-0.053881897,-0.007094769,-0.010162778,1.050217621955369,,,,,
4.71514172,-0.051580891,-0.006711268,-0.010162778,1.0958542467545982,,,,,
4.721642335,-0.049663386,-0.006711268,-0.010162778,1.1376558610664969,,,,,
4.728153679,-0.048512883,-0.006711268,-0.010162778,1.1737049596474005,,,,,
4.734120104,-0.04736238,-0.006327767,-0.010162778,1.2070695508871765,,,,,
4.740336868,-0.046211876,-0.006327767,-0.010162778,1.2342981253472196,,,,,
4.746309122,-0.045828375,-0.006711268,-0.010162778,1.2550071819788027,,,,,
4.752303494,-0.045061373,-0.006711268,-0.010162778,1.2722647291717895,,,,,
4.758571519,-0.044677872,-0.006711268,-0.010162778,1.2837697606337795,,,,,
4.764544434,-0.044294371,-0.006711268,-0.010162778,1.2902892784622413,,,,,
4.770828618,-0.04391087,-0.006327767,-0.010162778,1.289138775316042,,,,,
4.776796632,-0.043527369,-0.006327767,-0.010162778,1.2856872658774439,,,,,
4.78275511,-0.043143868,-0.006327767,-0.010162778,1.278400745951517,,,,,
4.788730145,-0.043143868,-0.006711268,-0.010162778,1.2642112071483957,,,,,
4.794691139,-0.042376866,-0.006327767,-0.010162778,1.2450361547117446,,,,,
4.80096274,-0.041609864,-0.006711268,-0.010162778,1.2201085865440984,,,,,
4.806943999,-0.040459361,-0.006711268,-0.010162778,1.192496511035321,,,,,
4.812899696,-0.038925356,-0.006711268,-0.010162778,1.162583429234143,,,,,
4.818638563,-0.038158354,-0.006711268,-0.010162778,1.1284518358969056,,,,,
4.824375974,-0.037007851,-0.006711268,-0.010162778,1.087417223682472,,,,,
4.829801586,-0.037391352,-0.006327767,-0.010162778,1.0421640999319752,,,,,
4.836319553,-0.037007851,-0.006711268,-0.010162778,0.9911584604504853,,,,,
4.842381212,-0.037391352,-0.006327767,-0.010162778,0.934016804,,,,,
4.848347505,-0.037391352,-0.006711268,-0.010162778,0.8795596552691762,,,,,
4.854632351,-0.038541855,-0.006327767,-0.009779277,0.8185829885206264,,,,,
4.860608975,-0.04007586,-0.006711268,-0.010162778,0.7533878102360134,,,,,
4.867116478,-0.042376866,-0.006327767,-0.010162778,0.6885761330001348,,,,,
4.873132441,-0.045828375,-0.006711268,-0.010162778,0.6160944347895949,,,,,
4.879415168,-0.049663386,-0.006327767,-0.010162778,0.5443797386765201,,,,,
4.885382917,-0.053881897,-0.006711268,-0.009779277,0.4761165520020434,,,,,
4.891359939,-0.059250912,-0.006711268,-0.010162778,0.40171734854783736,,,,,
4.897861083,-0.063852925,-0.006711268,-0.009779277,0.32731814509362955,,,,,
4.903828303,-0.069221939,-0.007094769,-0.009779277,0.2563704510780216,,,,,
4.910116725,-0.074590954,-0.007094769,-0.010162778,0.1812042455263505,,,,,
4.9160858,-0.079576468,-0.006711268,-0.010162778,0.1133245599006063,,,,,
4.922158453,-0.084561981,-0.007094769,-0.010162778,0.043527369031197694,,,,,
4.927791489,-0.088780493,-0.007094769,-0.010162778,-0.028570828,,,,,
4.934148126,-0.091848501,-0.007094769,-0.010162778,-0.094533009,,,,,
4.939578639,-0.09491651,-0.007094769,-0.010162778,-0.16087869,,,,,
4.945547183,-0.096450514,-0.006711268,-0.009779277,-0.229908879,,,,,
4.951572551,-0.097601017,-0.006711268,-0.010162778,-0.302774078,,,,,
4.958302048,-0.097984518,-0.006711268,-0.010162778,-0.368352757,,,,,
4.964308871,-0.09875152,-0.007094769,-0.010162778,-0.435848942,,,,,
4.970379935,-0.099902023,-0.007094769,-0.010162778,-0.496442108,,,,,
4.976342519,-0.101436027,-0.007094769,-0.010162778,-0.555501269,,,,,
4.982077148,-0.102586531,-0.007094769,-0.010546279,-0.61072542,,,,,
4.98805417,-0.103737034,-0.007094769,-0.010162778,-0.662881563,,,,,
4.994207223,-0.104887537,-0.00747827,-0.010162778,-0.7131202,,,,,
4.999647538,-0.105271038,-0.007094769,-0.010162778,-0.759907328,,,,,
5.00615663,-0.105654539,-0.007094769,-0.010162778,-0.812446972,,,,,
5.013753176,-0.10603804,-0.007094769,-0.010162778,-0.868821626,,,,,
5.02221187,-0.106421541,-0.007094769,-0.010162778,-0.91407475,,,,,
5.030379958,-0.106805042,-0.007094769,-0.010162778,-0.948973345,,,,,
5.037725634,-0.106805042,-0.007094769,-0.010546279,-0.976585421,,,,,
5.044330226,-0.107572044,-0.006711268,-0.010546279,-0.996527475,,,,,
5.050517321,-0.107955545,-0.006711268,-0.010546279,-1.012251018,,,,,
5.055853791,-0.107955545,-0.007094769,-0.010546279,-1.024523052,,,,,
5.062409374,-0.108722547,-0.007094769,-0.010546279,-1.032193073,,,,,
5.067834457,-0.108339046,-0.007094769,-0.010546279,-1.037178586,,,,,
5.074657334,-0.108722547,-0.007094769,-0.010546279,-1.036028083,,,,,
5.080634223,-0.108722547,-0.007094769,-0.010546279,-1.032960075,,,,,
5.087149805,-0.108722547,-0.007094769,-0.010162778,-1.025673555,,,,,
5.093958113,-0.108722547,-0.007094769,-0.010546279,-1.008032507,,,,,
5.100760592,-0.108722547,-0.007094769,-0.010162778,-0.986172947,,,,,
5.107275512,-0.108722547,-0.007094769,-0.010162778,-0.962779383,,,,,
5.113783545,-0.108722547,-0.007094769,-0.010162778,-0.931715798,,,,,
5.120837291,-0.108722547,-0.006711268,-0.010162778,-0.897200704,,,,,
5.126804908,-0.108722547,-0.006711268,-0.010162778,-0.864219613,,,,,
5.132151577,-0.108339046,-0.006711268,-0.010162778,-0.824335504,,,,,
5.138342116,-0.107955545,-0.00747827,-0.010162778,-0.779849383,,,,,
5.144251453,-0.107955545,-0.007094769,-0.010162778,-0.731911752,,,,,
5.150258806,-0.107955545,-0.007094769,-0.010162778,-0.68013911,,,,,
5.156226953,-0.107955545,-0.006711268,-0.010162778,-0.627982967,,,,,
5.162192716,-0.107188543,-0.007094769,-0.010162778,-0.571608313,,,,,
5.16821848,-0.106421541,-0.007094769,-0.009779277,-0.512165651,,,,,
5.17368767,-0.105654539,-0.007094769,-0.010162778,-0.451955986,,,,,
5.179638598,-0.104887537,-0.007094769,-0.010162778,-0.389061814,,,,,
5.185402234,-0.103737034,-0.007094769,-0.010162778,-0.323099634,,,,,
5.19119978,-0.103353533,-0.006711268,-0.010162778,-0.257137453,,,,,
5.197234551,-0.103353533,-0.007094769,-0.010162778,-0.187723763,,,,,
5.203199519,-0.103353533,-0.007094769,-0.010162778,-0.115242065,,,,,
5.209200382,-0.103737034,-0.007094769,-0.010162778,-0.04391087,,,,,
5.214946667,-0.103737034,-0.007094769,-0.010162778,0.027803826033144574,,,,,
5.220954816,-0.103353533,-0.007094769,-0.010162778,0.097984518,,,,,
5.227461921,-0.103353533,-0.007094769,-0.010162778,0.17353422455168932,,,,,
5.233429803,-0.102970032,-0.006711268,-0.010162778,0.246782925,,,,,
5.239407221,-0.102203029,-0.006711268,-0.010162778,0.3169636167778389,,,,,
5.245151255,-0.101436027,-0.006711268,-0.010162778,0.38714430869598004,,,,,
5.251129733,-0.099902023,-0.006327767,-0.009779277,0.4565579985166597,,,,,
5.257648495,-0.097984518,-0.006711268,-0.010162778,0.5232871809962045,,,,,
5.263117419,-0.096450514,-0.006711268,-0.010162778,0.5877153571833507,,,,,
5.269404915,-0.09491651,-0.006711268,-0.010162778,0.6552115417603623,,,,,
5.275902748,-0.092999004,-0.006711268,-0.010162778,0.7119696969728491,,,,,
5.281337235,-0.089930996,-0.006711268,-0.010162778,0.7668103469416696,,,,,
5.287296904,-0.08762999,-0.006711268,-0.010162778,0.822417999,,,,,
5.293277105,-0.084945482,-0.006711268,-0.010162778,0.8749576426843806,,,,,
5.299557315,-0.081877474,-0.006711268,-0.010162778,0.925579781,,,,,
5.305533409,-0.079192967,-0.006711268,-0.010162778,0.9742844143062328,,,,,
5.311514272,-0.07689196,-0.006711268,-0.010162778,1.0199210391054603,,,,,
5.317538049,-0.074590954,-0.006711268,-0.010162778,1.061722653417359,,,,,
5.323298242,-0.071522946,-0.006711268,-0.010162778,1.0985387540957294,,,,,
5.32925566,-0.06960544,-0.006711268,-0.010162778,1.1326703474329687,,,,,
5.334691736,-0.068454937,-0.006711268,-0.010162778,1.162583429234143,,,,,
5.340658294,-0.066153931,-0.006711268,-0.010162778,1.1886615005479904,,,,,
5.34661452,-0.062702421,-0.006711268,-0.010162778,1.2105210603257728,,,,,
5.352358023,-0.060017914,-0.006711268,-0.010162778,1.228162108567492,,,,,
5.358394252,-0.05848391,-0.006711268,-0.010162778,1.238900137932017,,,,,
5.364356836,-0.056949906,-0.006711268,-0.010162778,1.2423516473706133,,,,,
5.370351341,-0.055799403,-0.006711268,-0.010162778,1.241201144224414,,,,,
5.376327833,-0.053881897,-0.006327767,-0.010162778,1.2385166368832827,,,,,
5.382098092,-0.052347893,-0.006327767,-0.010546279,1.2312301169573558,,,,,
5.388059219,-0.050046887,-0.006711268,-0.010162778,1.2193415844466333,,,,,
5.394018226,-0.047745881,-0.006711268,-0.010162778,1.2020840372536465,,,,,
5.400528775,-0.045828375,-0.006711268,-0.010162778,1.1813749806220635,,,,,
5.405962335,-0.043527369,-0.006711268,-0.010162778,1.1552969093082162,,,,,
5.412259234,-0.041226363,-0.006327767,-0.010162778,1.1238498233121081,,,,,
5.418236918,-0.04007586,-0.006711268,-0.009779277,1.085883219,,,,,
5.424747467,-0.039308857,-0.006711268,-0.010162778,1.0448486072731065,,,,,
5.43075641,-0.039308857,-0.006711268,-0.010162778,0.9965274751327478,,,,,
5.437042978,-0.039308857,-0.006711268,-0.010162778,0.9447548335537892,,,,,
5.443011787,-0.039308857,-0.006711268,-0.009779277,0.8922151898773656,,,,,
5.448967881,-0.039692359,-0.006711268,-0.010162778,0.8343065315186813,,,,,
5.455478165,-0.04007586,-0.006711268,-0.010162778,0.7744803679163308,,,,,
5.461445782,-0.040459361,-0.006711268,-0.010162778,0.7039161749494554,,,,,
5.468254487,-0.042760367,-0.006711268,-0.010162778,0.6302839735927162,,,,,
5.474804905,-0.044677872,-0.006711268,-0.010162778,0.562404288,,,,,
5.480803649,-0.048512883,-0.006711268,-0.010162778,0.4952916044386946,,,,,
5.487075647,-0.051964392,-0.006711268,-0.010162778,0.4293294240566148,,,,,
5.492273304,-0.055415902,-0.006711268,-0.010162778,0.3533962164074751,,,,,
5.498784648,-0.061168417,-0.006711268,-0.009779277,0.2816815202944003,,,,,
5.505284336,-0.064236426,-0.006711268,-0.010546279,0.20306380530413293,,,,,
5.511261755,-0.068454937,-0.006711268,-0.010162778,0.12828110080119437,,,,,
5.517219173,-0.073823952,-0.006711268,-0.010162778,0.058100409,,,,,
5.523485608,-0.076124958,-0.006711268,-0.010162778,-0.011313281,,,,,
5.530016555,-0.079576468,-0.006711268,-0.010162778,-0.083794979,,,,,
5.536193715,-0.082260975,-0.006711268,-0.010162778,-0.155509675,,,,,
5.542316172,-0.083794979,-0.006711268,-0.010162778,-0.225306866,,,,,
5.548664596,-0.084945482,-0.006711268,-0.010162778,-0.295871059,,,,,
5.555162695,-0.086095985,-0.006711268,-0.010162778,-0.363750745,,,,,
5.561139319,-0.086862988,-0.007094769,-0.010162778,-0.428178921,,,,,
5.56711634,-0.088780493,-0.006711268,-0.010162778,-0.493374099,,,,,
5.573481454,-0.090314497,-0.006711268,-0.009779277,-0.557418774,,,,,
5.579648945,-0.091848501,-0.006711268,-0.010162778,-0.614943932,,,,,
5.585677889,-0.092615503,-0.007094769,-0.010162778,-0.675920598,,,,,
5.592465136,-0.092999004,-0.006711268,-0.010162778,-0.729994246,,,,,
5.598688126,-0.092232002,-0.006711268,-0.010162778,-0.779082381,,,,,
5.604253875,-0.091848501,-0.006711268,-0.010162778,-0.837758041,,,,,
5.611855454,-0.091081499,-0.006711268,-0.010162778,-0.883011165,,,,,
5.618365871,-0.090314497,-0.006711268,-0.010162778,-0.928264288,,,,,
5.625107156,-0.090697998,-0.006711268,-0.010162778,-0.963929886,,,,,
5.631343126,-0.091081499,-0.007094769,-0.010162778,-0.998828481,,,,,
5.637854205,-0.090697998,-0.006711268,-0.010162778,-1.027974561,,,,,
5.644683043,-0.090697998,-0.006711268,-0.010162778,-1.052135127,,,,,
5.650744306,-0.090314497,-0.006711268,-0.010162778,-1.069392674,,,,,
5.656205283,-0.090314497,-0.006711268,-0.010162778,-1.083582213,,,,,
5.662820339,-0.090314497,-0.007094769,-0.010162778,-1.093936742,,,,,
5.668793784,-0.090314497,-0.007094769,-0.010162778,-1.099689257,,,,,
5.675301552,-0.089930996,-0.007094769,-0.010162778,-1.099689257,,,,,
5.681807995,-0.090314497,-0.007094769,-0.010162778,-1.09700475,,,,,
5.687819719,-0.090314497,-0.007094769,-0.010162778,-1.08971823,,,,,
5.693233146,-0.090314497,-0.007094769,-0.010162778,-1.079747203,,,,,
5.69920765,-0.090314497,-0.006711268,-0.010162778,-1.065174163,,,,,
5.704677237,-0.090314497,-0.007094769,-0.010162778,-1.046382611,,,,,
5.710113711,-0.090314497,-0.007094769,-0.010162778,-1.025673555,,,,,
5.715273221,-0.090314497,-0.007094769,-0.010162778,-0.999211982,,,,,
5.721477403,-0.090314497,-0.007094769,-0.010162778,-0.970065903,,,,,
5.726902089,-0.091081499,-0.007094769,-0.010162778,-0.934400305,,,,,
5.732869837,-0.090697998,-0.007094769,-0.009779277,-0.894899697,,,,,
5.73894461,-0.091081499,-0.007094769,-0.010162778,-0.853481584,,,,,
5.744520161,-0.091465,-0.007094769,-0.010162778,-0.80822846,,,,,
5.750475195,-0.091465,-0.007094769,-0.010162778,-0.757222821,,,,,
5.756471157,-0.091465,-0.006711268,-0.010162778,-0.702765672,,,,,
5.762463543,-0.091465,-0.007094769,-0.010162778,-0.646007517,,,,,
5.768194066,-0.091081499,-0.006711268,-0.010162778,-0.583496846,,,,,
5.774173737,-0.090697998,-0.006711268,-0.010162778,-0.521369676,,,,,
5.780143473,-0.090314497,-0.006711268,-0.010162778,-0.454640493,,,,,
5.786107116,-0.090697998,-0.006711268,-0.010162778,-0.388678313,,,,,
5.792074336,-0.089930996,-0.006711268,-0.010162778,-0.315813114,,,,,
5.797820356,-0.090314497,-0.007094769,-0.009779277,-0.232593386,,,,,
5.805409352,-0.090314497,-0.007094769,-0.010162778,-0.144388145,,,,,
5.81302113,-0.090314497,-0.007094769,-0.010162778,-0.037007851,,,,,
5.821324322,-0.089930996,-0.007094769,-0.009779277,0.060017914,,,,,
5.828945902,-0.089930996,-0.007094769,-0.010162778,0.14937365848150996,,,,,
5.836133692,-0.089930996,-0.007094769,-0.010162778,0.22453986403318105,,,,,
5.842101177,-0.090314497,-0.006711268,-0.009779277,0.2928030507076578,,,,,
5.847527583,-0.089547495,-0.006711268,-0.010162778,0.3652847489181976,,,,,
5.853274663,-0.08762999,-0.006711268,-0.010162778,0.4408344555186048,,,,,
5.859949324,-0.085712484,-0.007094769,-0.010162778,0.512165651,,,,,
5.86607231,-0.083411478,-0.006711268,-0.010162778,0.5819628414523557,,,,,
5.872679551,-0.080726971,-0.007094769,-0.010162778,0.6525270344192311,,,,,
5.879434347,-0.079192967,-0.007094769,-0.010162778,0.7234747284348391,,,,,
5.886069404,-0.077275461,-0.006711268,-0.010162778,0.7840678941346564,,,,,
5.892642207,-0.075357956,-0.007094769,-0.010162778,0.8446610598344719,,,,,
5.898618036,-0.072289948,-0.006711268,-0.010162778,0.9021862171444255,,,,,
5.905127393,-0.068838438,-0.006711268,-0.010162778,0.9554928629183141,,,,,
5.911410252,-0.06577043,-0.006711268,-0.010162778,1.0068820034485384,,,,,
5.917910867,-0.06231892,-0.006711268,-0.010162778,1.054436133491432,,,,,
5.923883518,-0.060784916,-0.007094769,-0.010162778,1.096621248852065,,,,,
5.929532051,-0.059634413,-0.006711268,-0.010162778,1.1384228631639637,,,,,
5.935872131,-0.058867411,-0.006711268,-0.010162778,1.177539970134731,,,,,
5.942103598,-0.057716908,-0.007094769,-0.010162778,1.2097540582283077,,,,,
5.948071612,-0.055415902,-0.006711268,-0.009779277,1.239667140029482,,,,,
5.954052872,-0.053498396,-0.006711268,-0.010162778,1.261910200855997,,,,,
5.960017045,-0.051964392,-0.006711268,-0.010162778,1.2799347501464489,,,,,
5.966348648,-0.05119739,-0.006711268,-0.010162778,1.2929737858033725,,,,,
5.972855621,-0.050813889,-0.006711268,-0.010162778,1.2979592994369007,,,,,
5.978859531,-0.050430388,-0.006711268,-0.010162778,1.2964252952419688,,,,,
5.985402399,-0.050813889,-0.006327767,-0.010162778,1.2922067837059057,,,,,
5.992770592,-0.050430388,-0.006327767,-0.009779277,1.2837697606337795,,,,,
5.999269618,-0.050046887,-0.006711268,-0.010162778,1.2695802218306582,,,,,
6.005781227,-0.048896384,-0.006711268,-0.010162778,1.251939173588939,,,,,
6.011813084,-0.04736238,-0.007094769,-0.010162778,1.229696112762424,,,,,
6.018059386,-0.045444874,-0.006711268,-0.009779277,1.203234540399846,,,,,
6.024756961,-0.043143868,-0.006327767,-0.009779277,1.1714039533550018,,,,,
6.030783521,-0.041609864,-0.006711268,-0.010162778,1.1338208505791663,,,,,
6.036762529,-0.040459361,-0.006711268,-0.009779277,1.091635735218535,,,,,
6.042391989,-0.040459361,-0.006711268,-0.009779277,1.0456156093705733,,,,,
6.048671405,-0.04007586,-0.006711268,-0.010162778,0.9930759656941497,,,,,
6.055194272,-0.039308857,-0.006711268,-0.009779277,0.9370848125791298,,,,,
6.06171555,-0.038925356,-0.006711268,-0.009779277,0.8822441626103075,,,,,
6.067769395,-0.038541855,-0.006711268,-0.009779277,0.822417999,,,,,
6.073951986,-0.038925356,-0.006711268,-0.009779277,0.7602908291132078,,,,,
6.079919736,-0.039308857,-0.006711268,-0.009779277,0.6966296550235285,,,,,
6.085891459,-0.039308857,-0.006711268,-0.009779277,0.6252984599591862,,,,,
6.091868083,-0.041609864,-0.006711268,-0.010162778,0.5528167617486464,,,,,
6.098632018,-0.044294371,-0.006711268,-0.009779277,0.4784175582944421,,,,,
6.104669041,-0.048129382,-0.006711268,-0.010162778,0.40133384749910483,,,,,
6.111182372,-0.051964392,-0.006711268,-0.009779277,0.3300026524347608,,,,,
6.117356353,-0.054648899,-0.006711268,-0.009779277,0.26327346995521594,,,,,
6.123413245,-0.057333407,-0.006711268,-0.009779277,0.19194227489087545,,,,,
6.129603518,-0.060017914,-0.007094769,-0.009779277,0.12022757877780066,,,,,
6.135561201,-0.06231892,-0.006711268,-0.009779277,0.050430388,,,,,
6.142075592,-0.065386929,-0.006711268,-0.009779277,-0.017449298,,,,,
6.148042811,-0.067687935,-0.006711268,-0.009779277,-0.088013491,,,,,
6.154550844,-0.069221939,-0.006711268,-0.009779277,-0.152825168,,,,,
6.160680321,-0.069988941,-0.006711268,-0.010162778,-0.217636845,,,,,
6.166655223,-0.070372442,-0.007094769,-0.009779277,-0.275545504,,,,,
6.172220839,-0.070372442,-0.006711268,-0.009779277,-0.33268716,,,,,
6.178190839,-0.071906447,-0.007094769,-0.009779277,-0.395964833,,,,,
6.18445807,-0.073440451,-0.006711268,-0.009779277,-0.456557999,,,,,
6.191049947,-0.075357956,-0.006711268,-0.009779277,-0.516384162,,,,,
6.197058095,-0.077658962,-0.006711268,-0.010162778,-0.577360829,,,,,
6.204127206,-0.08034347,-0.007094769,-0.010162778,-0.630283974,,,,,
6.210136943,-0.081877474,-0.006711268,-0.010162778,-0.679372108,,,,,
6.216641797,-0.082260975,-0.006711268,-0.010162778,-0.726542737,,,,,
6.222296556,-0.082644476,-0.007094769,-0.010162778,-0.772562863,,,,,
6.229061683,-0.082644476,-0.006711268,-0.010162778,-0.813980976,,,,,
6.23502175,-0.083027977,-0.007094769,-0.010162778,-0.853865085,,,,,
6.241327127,-0.083411478,-0.006711268,-0.010162778,-0.890681186,,,,,
6.247924831,-0.08417848,-0.007094769,-0.010162778,-0.921744771,,,,,
6.253918277,-0.084945482,-0.007094769,-0.010162778,-0.952041353,,,,,
6.260422733,-0.085328983,-0.007094769,-0.010162778,-0.97620192,,,,,
6.266408232,-0.086479486,-0.006711268,-0.010162778,-0.996143974,,,,,
6.272165908,-0.087246489,-0.006711268,-0.010162778,-1.012251018,,,,,
6.278159089,-0.087246489,-0.006711268,-0.010162778,-1.025290054,,,,,
6.284915209,-0.088396992,-0.007094769,-0.010162778,-1.033343576,,,,,
6.29141887,-0.088013491,-0.006711268,-0.010162778,-1.036411584,,,,,
6.297701597,-0.088013491,-0.007094769,-0.010162778,-1.034110578,,,,,
6.304203669,-0.088013491,-0.007094769,-0.010546279,-1.032193073,,,,,
6.310177777,-0.087246489,-0.007094769,-0.010162778,-1.026824058,,,,,
6.316169765,-0.087246489,-0.007094769,-0.010162778,-1.013401521,,,,,
6.322688659,-0.087246489,-0.007094769,-0.010162778,-0.996143974,,,,,
6.328430043,-0.086095985,-0.007094769,-0.010162778,-0.975434917,,,,,
6.334936884,-0.085328983,-0.007094769,-0.010162778,-0.953191857,,,,,
6.341446771,-0.084945482,-0.006711268,-0.010162778,-0.928264288,,,,,
6.347351736,-0.085328983,-0.006711268,-0.010162778,-0.901802716,,,,,
6.353087293,-0.085328983,-0.006711268,-0.010162778,-0.871889634,,,,,
6.35905491,-0.085328983,-0.006711268,-0.010162778,-0.840442548,,,,,
6.364506483,-0.085712484,-0.006711268,-0.010162778,-0.808611961,,,,,
6.369934744,-0.085328983,-0.006711268,-0.010162778,-0.773329865,,,,,
6.376210716,-0.086095985,-0.006711268,-0.010162778,-0.737280766,,,,,
6.382006142,-0.087246489,-0.006711268,-0.010162778,-0.697780158,,,,,
6.387981971,-0.088780493,-0.006711268,-0.010162778,-0.654061039,,,,,
6.394483911,-0.090314497,-0.006327767,-0.010162778,-0.613409927,,,,,
6.400993798,-0.091848501,-0.006711268,-0.010162778,-0.571224812,,,,,
6.406723791,-0.093382505,-0.006711268,-0.010162778,-0.528272695,,,,,
6.413244406,-0.094149507,-0.006711268,-0.010162778,-0.48647108,,,,,
6.419220898,-0.09491651,-0.006711268,-0.009779277,-0.444285965,,,,,
6.425205866,-0.096067013,-0.006327767,-0.009779277,-0.402867852,,,,,
6.43149866,-0.097984518,-0.006711268,-0.010162778,-0.363367244,,,,,
6.437242561,-0.09875152,-0.006711268,-0.010162778,-0.323866636,,,,,
6.443197197,-0.09875152,-0.006711268,-0.010162778,-0.284749529,,,,,
6.449167464,-0.098368019,-0.006711268,-0.010162778,-0.245632422,,,,,
6.455285682,-0.098368019,-0.006711268,-0.010162778,-0.204981311,,,,,
6.461563375,-0.097601017,-0.006327767,-0.009779277,-0.163946698,,,,,
6.46862083,-0.097601017,-0.006327767,-0.010162778,-0.126363596,,,,,
6.475158665,-0.097984518,-0.006327767,-0.010162778,-0.094149507,,,,,
6.481130785,-0.097601017,-0.006711268,-0.009779277,-0.063852925,,,,,
6.487718821,-0.096834015,-0.006327767,-0.010162778,-0.03662435,,,,,
6.493459278,-0.095683512,-0.006327767,-0.010162778,-0.011313281,,,,,
6.499427027,-0.09491651,-0.006327767,-0.010162778,0.012847285132556507,,,,,
6.505385505,-0.092999004,-0.006711268,-0.010162778,0.033556341764139574,,,,,
6.511529817,-0.090697998,-0.006327767,-0.010162778,0.052347893,,,,,
6.517737839,-0.088396992,-0.006327767,-0.010162778,0.071139445,,,,,
6.523706648,-0.086479486,-0.006327767,-0.009779277,0.085712484,,,,,
6.530217595,-0.08417848,-0.006327767,-0.009779277,0.098368019,,,,,
6.536236074,-0.081877474,-0.006327767,-0.010162778,0.11025655151074254,,,,,
6.542250183,-0.078809466,-0.006711268,-0.010162778,0.12329558716766442,,,,,
6.551257637,-0.074590954,-0.006711268,-0.009779277,0.12789759975246184,,,,,
6.55993753,-0.070372442,-0.006711268,-0.009779277,0.12828110080119437,,,,,
6.567525069,-0.067687935,-0.006327767,-0.009779277,0.1286646018499269,,,,,
6.574889819,-0.063852925,-0.006711268,-0.010162778,0.1286646018499269,,,,,
6.581624879,-0.060401415,-0.006711268,-0.010162778,0.12751409870372754,,,,,
6.587159104,-0.057716908,-0.006711268,-0.010162778,0.12713059765499501,,,,,
6.592583524,-0.054265398,-0.006711268,-0.010162778,0.1267470966062625,,,,,
6.598858568,-0.051580891,-0.006711268,-0.010546279,0.1248295913625963,,,,,
6.604870425,-0.048896384,-0.006711268,-0.010162778,0.12137808192400001,,,,,
6.610897382,-0.046595377,-0.006711268,-0.010162778,0.11831007353413625,,,,,
6.617401441,-0.044677872,-0.006711268,-0.010162778,0.11792657248540195,,,,,
6.623490519,-0.04391087,-0.006711268,-0.010162778,0.11754307143666942,,,,,
6.629716555,-0.043527369,-0.006711268,-0.010162778,0.11600906724173754,,,,,
6.635733181,-0.042760367,-0.006711268,-0.010162778,0.11524206514427071,,,,,
6.642260022,-0.042376866,-0.006711268,-0.010162778,0.11485856409553818,,,,,
6.648235586,-0.041993365,-0.007094769,-0.010162778,0.11370806094933883,,,,,
6.654918194,-0.041993365,-0.007094769,-0.010162778,0.1114070546569419,,,,,
6.661098666,-0.041993365,-0.006711268,-0.010162778,0.10910604836454318,,,,,
6.667624844,-0.041993365,-0.006711268,-0.010162778,0.1075720441696113,,,,,
6.674378183,-0.042376866,-0.006711268,-0.009779277,0.10718854312087878,,,,,
6.680312554,-0.042376866,-0.007094769,-0.009779277,0.10642154102341195,,,,,
6.686591837,-0.041993365,-0.006711268,-0.010162778,0.10680504207214447,,,,,
6.692952978,-0.042376866,-0.006711268,-0.009779277,0.10680504207214447,,,,,
6.699044704,-0.042376866,-0.006711268,-0.009779277,0.10680504207214447,,,,,
6.705053118,-0.041993365,-0.006711268,-0.009779277,0.10680504207214447,,,,,
6.710839536,-0.041993365,-0.006711268,-0.010162778,0.10642154102341195,,,,,
6.717127959,-0.041993365,-0.006711268,-0.010162778,0.10680504207214447,,,,,
6.723649767,-0.041993365,-0.007094769,-0.009779277,0.10642154102341195,,,,,
6.729604801,-0.041993365,-0.006711268,-0.010162778,0.10603803997467942,,,,,
6.735635996,-0.041993365,-0.006711268,-0.009779277,0.1056545389259469,,,,,
6.741974884,-0.041609864,-0.006711268,-0.009779277,0.1056545389259469,,,,,
6.748349667,-0.041226363,-0.006711268,-0.009779277,0.10450403577974754,,,,,
6.754318741,-0.041226363,-0.006711268,-0.010162778,0.10297003158481566,,,,,
6.760291391,-0.040842862,-0.006711268,-0.009779277,0.10066902529241695,,,,,
6.766571204,-0.040842862,-0.006711268,-0.009779277,0.09875152,,,,,
6.773169041,-0.039692359,-0.006327767,-0.009779277,0.097984518,,,,,
6.779749661,-0.039308857,-0.007094769,-0.009779277,0.097217516,,,,,
6.786259413,-0.039308857,-0.007094769,-0.010162778,0.096450514,,,,,
6.792224778,-0.038925356,-0.006711268,-0.009779277,0.096067013,,,,,
6.79850883,-0.038541855,-0.006711268,-0.010162778,0.095683512,,,,,
6.80491156,-0.038158354,-0.007094769,-0.009779277,0.09491651,,,,,
6.810877589,-0.037774853,-0.006711268,-0.009779277,0.092999004,,,,,
6.817413039,-0.037774853,-0.007094769,-0.010162778,0.090697998,,,,,
6.823422511,-0.037774853,-0.006711268,-0.009779277,0.087246489,,,,,
6.829399533,-0.037774853,-0.006711268,-0.009779277,0.083794979,,,,,
6.835909155,-0.037774853,-0.006711268,-0.010162778,0.079576468,,,,,
6.842440234,-0.037774853,-0.007094769,-0.010162778,0.073823952,,,,,
6.848739651,-0.037391352,-0.006711268,-0.009779277,0.066920933,,,,,
6.854745017,-0.037391352,-0.006711268,-0.010162778,0.060401415,,,,,
6.861380074,-0.037391352,-0.007094769,-0.009779277,0.058100409,,,,,
6.867894861,-0.037007851,-0.007094769,-0.010162778,0.056566404688119576,,,,,
6.874174939,-0.037007851,-0.006711268,-0.010162778,0.052731394200788984,,,,,
6.880454752,-0.037391352,-0.006711268,-0.009779277,0.048129382,,,,,
6.886486742,-0.037391352,-0.007094769,-0.010162778,0.045061373226129575,,,,,
6.892726951,-0.037007851,-0.006711268,-0.009779277,0.042376866,,,,,
6.898972856,-0.037007851,-0.006711268,-0.009779277,0.038925356,,,,,
6.905489763,-0.037007851,-0.006711268,-0.009779277,0.03662435,,,,,
6.911286116,-0.037391352,-0.006711268,-0.009779277,0.031638837,,,,,
6.917790837,-0.037007851,-0.006711268,-0.010162778,0.023968815545813982,,,,,
6.92377607,-0.037007851,-0.006711268,-0.009779277,0.016298794571152797,,,,,
6.929782232,-0.03662435,-0.006711268,-0.009779277,0.00747827,,,,,
6.935443083,-0.03662435,-0.006711268,-0.010162778,0.000575252,,,,,
6.941960653,-0.03662435,-0.007094769,-0.009779277,-0.002109256,,,,,
6.948455042,-0.036240849,-0.006711268,-0.009779277,-0.002109256,,,,,
6.954419348,-0.035857348,-0.006711268,-0.010162778,-0.002492757,,,,,
6.960397429,-0.035090346,-0.007094769,-0.009779277,-0.004793763,,,,,
6.967239645,-0.034706845,-0.007094769,-0.010162778,-0.006327767,,,,,
6.973214944,-0.034323344,-0.007094769,-0.010162778,-0.005944266,,,,,
6.979742712,-0.033939843,-0.006711268,-0.009779277,-0.005944266,,,,,
6.985863712,-0.033939843,-0.006711268,-0.010162778,-0.005944266,,,,,
6.992693345,-0.033172841,-0.006711268,-0.009779277,-0.005944266,,,,,
6.999214093,-0.032405839,-0.006711268,-0.009779277,-0.006327767,,,,,
7.005398273,-0.031638837,-0.006711268,-0.009779277,-0.007094769,,,,,
7.01083978,-0.031255335,-0.006711268,-0.010162778,-0.008628774,,,,,
7.016814682,-0.030871834,-0.007094769,-0.009779277,-0.009779277,,,,,
7.022575272,-0.029721331,-0.006711268,-0.010162778,-0.009779277,,,,,
7.028539843,-0.02933783,-0.006711268,-0.010162778,-0.008245273,,,,,
7.034600708,-0.028954329,-0.006711268,-0.010162778,-0.006327767,,,,,
7.040365934,-0.028570828,-0.006711268,-0.010162778,-0.003259759,,,,,
7.046640582,-0.028570828,-0.006711268,-0.009779277,-0.000958753,,,,,
7.052622901,-0.028570828,-0.006711268,-0.009779277,0.001342254,,,,,
7.058585087,-0.028187327,-0.007094769,-0.009779277,0.00364326,,,,,
7.06455787,-0.027803826,-0.006711268,-0.010162778,0.005177264,,,,,
7.071053717,-0.027803826,-0.007094769,-0.010162778,0.005177264,,,,,
7.076796823,-0.027420325,-0.006711268,-0.009779277,0.005560765,,,,,
7.083305253,-0.027420325,-0.006711268,-0.010162778,0.005560765,,,,,
7.089297507,-0.027420325,-0.006711268,-0.009779277,0.005177264,,,,,
7.095635335,-0.027420325,-0.006711268,-0.010162778,0.005177264,,,,,
7.102164295,-0.027420325,-0.006711268,-0.009779277,0.004793763,,,,,
7.108137475,-0.027420325,-0.006711268,-0.009779277,0.004793763,,,,,
7.114096085,-0.027036824,-0.007094769,-0.010162778,0.004793763,,,,,
7.120606634,-0.027420325,-0.007094769,-0.010162778,0.004026761,,,,,
7.126564052,-0.027420325,-0.007094769,-0.009779277,0.002492757,,,,,
7.132329014,-0.027803826,-0.007094769,-0.010162778,0.000958753,,,,,
7.138829894,-0.028187327,-0.007094769,-0.009779277,-0.000575252,,,,,
7.144817776,-0.028187327,-0.006711268,-0.009779277,-0.001342254,,,,,
7.151186996,-0.028187327,-0.006711268,-0.009779277,-0.002109256,,,,,
7.157218986,-0.028187327,-0.006711268,-0.009779277,-0.004410262,,,,,
7.16389113,-0.028187327,-0.007094769,-0.009779277,-0.006327767,,,,,
7.169873847,-0.028570828,-0.007094769,-0.010162778,-0.007094769,,,,,
7.175829013,-0.028570828,-0.007094769,-0.009779277,-0.008245273,,,,,
7.182318899,-0.028570828,-0.00747827,-0.010162778,-0.010546279,,,,,
7.188422945,-0.028187327,-0.007094769,-0.010162778,-0.013614287,,,,,
7.194932832,-0.028187327,-0.007094769,-0.010162778,-0.016682296,,,,,
7.200918463,-0.027803826,-0.006711268,-0.009779277,-0.017832799,,,,,
7.206919458,-0.028187327,-0.007094769,-0.009779277,-0.017065797,,,,,
7.212895155,-0.028570828,-0.006711268,-0.009395776,-0.016682296,,,,,
7.218628327,-0.028570828,-0.006711268,-0.009012275,-0.016298795,,,,,
7.224063343,-0.028187327,-0.007094769,-0.008628774,-0.015531792,,,,,
7.229541805,-0.028187327,-0.006711268,-0.008245273,-0.01476479,,,,,
7.235609293,-0.027803826,-0.006711268,-0.008245273,-0.014381289,,,,,
7.241901159,-0.028570828,-0.006327767,-0.007861771,-0.014381289,,,,,
7.247876326,-0.02933783,-0.006327767,-0.007861771,-0.014381289,,,,,
7.254056003,-0.02933783,-0.006327767,-0.007094769,-0.014381289,,,,,
7.259494729,-0.028570828,-0.006327767,-0.006711268,-0.014381289,,,,,
7.265775601,-0.028570828,-0.006327767,-0.005177264,-0.013614287,,,,,
7.271720568,-0.028187327,-0.006711268,-0.002492757,-0.013614287,,,,,
7.27769706,-0.027420325,-0.006327767,0.001725755,-0.013230786,,,,,
7.284744448,-0.027036824,-0.006711268,0.007861771,-0.012080283,,,,,
7.291796737,-0.026269822,-0.006327767,0.019366803,-0.005944266,,,,,
7.301050822,-0.025886321,-0.006327767,0.035090345959071456,0.001342254,,,,,
7.308643527,-0.025886321,-0.006327767,0.05119739,0.004026761,,,,,
7.315167718,-0.02550282,-0.006711268,0.067304434,0.003259759,,,,,
7.322531806,-0.02550282,-0.005944266,0.084945482,0.00364326,,,,,
7.32888235,-0.02550282,-0.005560765,0.10066902529241695,0.00364326,,,,,
7.334315644,-0.025886321,-0.005177264,0.11639256829047007,0.00364326,,,,,
7.340826856,-0.025886321,-0.005560765,0.13288311338599001,0.00364326,,,,,
7.346787983,-0.026269822,-0.005560765,0.1501406605789768,0.00364326,,,,,
7.352568176,-0.027420325,-0.005560765,0.16778170882069432,0.00364326,,,,,
7.35910005,-0.028187327,-0.005944266,0.18350525181874922,0.00364326,,,,,
7.365605964,-0.028570828,-0.005560765,0.19922879481680233,0.00364326,,,,,
7.371100585,-0.028954329,-0.005944266,0.2141853357173904,0.00364326,,,,,
7.377652327,-0.028570828,-0.005944266,0.22837487452051164,0.00364326,,,,,
7.383779155,-0.028954329,-0.005944266,0.24141391017743352,0.004026761,,,,,
7.390279637,-0.02933783,-0.005944266,0.2533024426881578,0.00364326,,,,,
7.396255599,-0.029721331,-0.005560765,0.2640404720526828,0.004410262,,,,,
7.402215931,-0.030104832,-0.005944266,0.2740114993197409,0.004793763,,,,,
7.408524487,-0.029721331,-0.005944266,0.2816815202944003,0.004793763,,,,,
7.414489985,-0.029721331,-0.005177264,0.28666703392793025,0.004793763,,,,,
7.420449389,-0.02933783,-0.005560765,0.289735042,0.004793763,,,,,
7.426965369,-0.02933783,-0.005560765,0.2912690465127259,0.004793763,,,,,
7.433151537,-0.028954329,-0.005560765,0.2916525475614584,0.004793763,,,,,
7.439361546,-0.028954329,-0.005560765,0.2912690465127259,0.004793763,,,,,
7.445865472,-0.028954329,-0.005560765,0.29050204441526084,0.004793763,,,,,
7.451831765,-0.028954329,-0.005944266,0.29088554546399337,0.004793763,,,,,
7.457801898,-0.028954329,-0.005944266,0.29050204441526084,0.004793763,,,,,
7.464628749,-0.028570828,-0.005944266,0.29088554546399337,0.004793763,,,,,
7.470604579,-0.028187327,-0.005944266,0.29050204441526084,0.005177264,,,,,
7.477112744,-0.027803826,-0.005944266,0.29088554546399337,0.005560765,,,,,
7.483195199,-0.028187327,-0.005944266,0.29050204441526084,0.005944266,,,,,
7.489387592,-0.027420325,-0.005944266,0.29088554546399337,0.005560765,,,,,
7.495360507,-0.027803826,-0.005944266,0.29088554546399337,0.005177264,,,,,
7.501343489,-0.027420325,-0.005944266,0.29088554546399337,0.004793763,,,,,
7.507293754,-0.027420325,-0.006327767,0.29088554546399337,0.004793763,,,,,
7.513261901,-0.027420325,-0.006327767,0.29050204441526084,0.004410262,,,,,
7.519005272,-0.027420325,-0.006327767,0.29050204441526084,0.004410262,,,,,
7.525019513,-0.027036824,-0.006327767,0.29050204441526084,0.004026761,,,,,
7.53098766,-0.027036824,-0.006327767,0.29088554546399337,0.002876258,,,,,
7.536970245,-0.026653323,-0.006327767,0.29050204441526084,0.002109256,,,,,
7.543375625,-0.027036824,-0.006711268,0.29011854336652654,0.001725755,,,,,
7.54937662,-0.027036824,-0.006327767,0.29050204441526084,0.002109256,,,,,
7.555344635,-0.027036824,-0.006327767,0.29050204441526084,0.002109256,,,,,
7.560778591,-0.026653323,-0.006327767,0.29050204441526084,0.002109256,,,,,
7.566745679,-0.027036824,-0.006711268,0.29050204441526084,0.001725755,,,,,
7.572703891,-0.027036824,-0.006327767,0.29050204441526084,0.001725755,,,,,
7.578451633,-0.027036824,-0.006711268,0.29088554546399337,0.001725755,,,,,
7.584416336,-0.026653323,-0.006327767,0.29011854336652654,0.001725755,,,,,
7.59093576,-0.026653323,-0.006327767,0.29050204441526084,0.001725755,,,,,
7.596915298,-0.026653323,-0.006327767,0.29050204441526084,0.002109256,,,,,
7.602657477,-0.026653323,-0.006711268,0.29050204441526084,0.002492757,,,,,
7.60921465,-0.026653323,-0.006711268,0.29050204441526084,0.002876258,,,,,
7.615183062,-0.027036824,-0.006327767,0.29050204441526084,0.003259759,,,,,
7.621701161,-0.026653323,-0.006711268,0.29050204441526084,0.00364326,,,,,
7.628201909,-0.027036824,-0.006327767,0.29050204441526084,0.00364326,,,,,
7.633927266,-0.026653323,-0.006711268,0.29050204441526084,0.004026761,,,,,
7.63990389,-0.026653323,-0.006711268,0.29050204441526084,0.00364326,,,,,
7.645868195,-0.026653323,-0.006327767,0.29050204441526084,0.00364326,,,,,
7.651861244,-0.026653323,-0.006711268,0.29011854336652654,0.00364326,,,,,
7.658143573,-0.025886321,-0.006711268,0.29050204441526084,0.00364326,,,,,
7.664122846,-0.026269822,-0.006711268,0.29050204441526084,0.00364326,,,,,
7.670677503,-0.026269822,-0.006711268,0.29050204441526084,0.003259759,,,,,
7.676706844,-0.02550282,-0.006327767,0.29011854336652654,0.002492757,,,,,
7.682682938,-0.025119319,-0.006711268,0.29050204441526084,0.002109256,,,,,
7.688974407,-0.025119319,-0.006711268,0.29050204441526084,0.002109256,,,,,
7.695483633,-0.024735818,-0.006711268,0.29050204441526084,0.002109256,,,,,
7.701471647,-0.025119319,-0.006327767,0.29050204441526084,0.002492757,,,,,
7.707458205,-0.024735818,-0.006327767,0.29050204441526084,0.002492757,,,,,
7.713754839,-0.024735818,-0.006711268,0.29050204441526084,0.002109256,,,,,
7.719754643,-0.024352317,-0.006327767,0.29011854336652654,0.002492757,,,,,
7.725712856,-0.024352317,-0.006327767,0.29011854336652654,0.002492757,,,,,
7.731690539,-0.024352317,-0.006327767,0.29050204441526084,0.002492757,,,,,
7.738200294,-0.023585314,-0.006711268,0.29011854336652654,0.002876258,,,,,
7.74447004,-0.023201813,-0.006327767,0.29050204441526084,0.002876258,,,,,
7.750450638,-0.023201813,-0.006327767,0.29050204441526084,0.003259759,,,,,
7.756952842,-0.023201813,-0.006711268,0.29011854336652654,0.00364326,,,,,
7.762961255,-0.023201813,-0.006711268,0.29011854336652654,0.00364326,,,,,
7.769250737,-0.023201813,-0.006711268,0.29050204441526084,0.00364326,,,,,
7.775227626,-0.023201813,-0.006711268,0.29050204441526084,0.00364326,,,,,
7.781319486,-0.022818312,-0.006327767,0.29088554546399337,0.00364326,,,,,
7.787443399,-0.023201813,-0.006327767,0.29088554546399337,0.00364326,,,,,
7.793956068,-0.023201813,-0.006711268,0.29050204441526084,0.003259759,,,,,
7.800233629,-0.022818312,-0.006327767,0.29050204441526084,0.002876258,,,,,
7.806521124,-0.023201813,-0.006327767,0.29050204441526084,0.002492757,,,,,
7.812518014,-0.023201813,-0.006711268,0.29050204441526084,0.002492757,,,,,
7.819061412,-0.023201813,-0.006327767,0.29050204441526084,0.002492757,,,,,
7.824800677,-0.023201813,-0.006327767,0.29088554546399337,0.002492757,,,,,
7.831373215,-0.023201813,-0.006711268,0.29050204441526084,0.002876258,,,,,
7.837879525,-0.022818312,-0.006711268,0.29050204441526084,0.002876258,,,,,
7.843849128,-0.023201813,-0.006711268,0.29050204441526084,0.002492757,,,,,
7.850359678,-0.023201813,-0.006711268,0.29050204441526084,0.002876258,,,,,
7.856769959,-0.022818312,-0.006327767,0.29050204441526084,0.002876258,,,,,
7.862750292,-0.022818312,-0.006711268,0.29050204441526084,0.002876258,,,,,
7.869252496,-0.023201813,-0.006327767,0.29011854336652654,0.003259759,,,,,
7.875140508,-0.022818312,-0.006327767,0.289735042,0.003259759,,,,,
7.88121144,-0.023201813,-0.006711268,0.289735042,0.002876258,,,,,
7.887714836,-0.022818312,-0.006711268,0.29011854336652654,0.003259759,,,,,
7.893856631,-0.022818312,-0.006711268,0.29050204441526084,0.003259759,,,,,
7.900392347,-0.023201813,-0.006327767,0.29011854336652654,0.00364326,,,,,
7.906670041,-0.022818312,-0.006711268,0.29011854336652654,0.003259759,,,,,
7.913297017,-0.023201813,-0.006327767,0.29011854336652654,0.003259759,,,,,
7.919242912,-0.023201813,-0.006327767,0.29011854336652654,0.003259759,,,,,
7.925437291,-0.022818312,-0.006327767,0.29011854336652654,0.002876258,,,,,
7.931965722,-0.023201813,-0.006711268,0.289735042,0.002876258,,,,,
7.938083675,-0.023201813,-0.006327767,0.289735042,0.002876258,,,,,
7.94383155,-0.022818312,-0.006327767,0.29011854336652654,0.002876258,,,,,
7.949877315,-0.022818312,-0.006327767,0.2893515412690615,0.002876258,,,,,
7.955926259,-0.023201813,-0.006327767,0.2893515412690615,0.002876258,,,,,
7.961573733,-0.022818312,-0.006327767,0.289735042,0.002876258,,,,,
7.967649036,-0.022818312,-0.006711268,0.289735042,0.002876258,,,,,
7.974157466,-0.022818312,-0.006327767,0.29011854336652654,0.002876258,,,,,
7.980137004,-0.022818312,-0.006327767,0.29011854336652654,0.002492757,,,,,
7.986950609,-0.022818312,-0.006327767,0.289735042,0.002876258,,,,,
7.992403905,-0.022818312,-0.006327767,0.289735042,0.002876258,,,,,
7.998362647,-0.022818312,-0.006327767,0.29011854336652654,0.003259759,,,,,
8.003788524,-0.022434811,-0.006711268,0.289735042,0.003259759,,,,,
8.009764618,-0.022818312,-0.006711268,0.2893515412690615,0.003259759,,,,,
8.016177018,-0.022818312,-0.006327767,0.29011854336652654,0.003259759,,,,,
8.021675878,-0.022818312,-0.006327767,0.29011854336652654,0.003259759,,,,,
8.027126524,-0.022818312,-0.006711268,0.289735042,0.003259759,,,,,
8.033119043,-0.022434811,-0.006327767,0.29050204441526084,0.003259759,,,,,
8.039076593,-0.022818312,-0.006327767,0.29050204441526084,0.003259759,,,,,
8.045366473,-0.022818312,-0.006711268,0.29011854336652654,0.002876258,,,,,
8.051929871,-0.022818312,-0.006327767,0.2893515412690615,0.002876258,,,,,
8.058428102,-0.022434811,-0.006711268,0.2893515412690615,0.002876258,,,,,
8.064403534,-0.022434811,-0.006711268,0.289735042,0.003259759,,,,,
8.070372211,-0.022818312,-0.006327767,0.289735042,0.002876258,,,,,
8.076117569,-0.022818312,-0.006327767,0.289735042,0.002876258,,,,,
8.082630502,-0.022818312,-0.006711268,0.29050204441526084,0.002876258,,,,,
8.088609113,-0.022818312,-0.006711268,0.29050204441526084,0.002876258,,,,,
8.096536795,-0.022434811,-0.006327767,0.29050204441526084,0.002876258,,,,,
8.104185926,-0.022434811,-0.006711268,0.29011854336652654,0.002876258,,,,,
8.111237552,-0.022818312,-0.006711268,0.29011854336652654,0.002876258,,,,,
8.118360175,-0.022818312,-0.006711268,0.29011854336652654,0.002876258,,,,,
8.124865691,-0.022818312,-0.006711268,0.29050204441526084,0.003259759,,,,,
8.130613433,-0.022818312,-0.006327767,0.29011854336652654,0.003259759,,,,,
8.137113121,-0.022818312,-0.006327767,0.29050204441526084,0.003259759,,,,,
8.14253913,-0.022818312,-0.006327767,0.29011854336652654,0.003259759,,,,,
8.149062792,-0.022434811,-0.006327767,0.289735042,0.003259759,,,,,
8.155322737,-0.022818312,-0.006711268,0.29011854336652654,0.003259759,,,,,
8.161322806,-0.022434811,-0.006327767,0.29011854336652654,0.002876258,,,,,
8.16729837,-0.022434811,-0.005944266,0.29011854336652654,0.002876258,,,,,
8.173267444,-0.022434811,-0.006327767,0.29050204441526084,0.002876258,,,,,
8.179224332,-0.022434811,-0.006327767,0.29011854336652654,0.002876258,,,,,
8.185499112,-0.022434811,-0.006327767,0.29011854336652654,0.002876258,,,,,
8.192000257,-0.022434811,-0.006327767,0.289735042,0.002876258,,,,,
8.197967344,-0.022434811,-0.006327767,0.289735042,0.002876258,,,,,
8.203406069,-0.022818312,-0.006327767,0.29011854336652654,0.002876258,,,,,
8.209409449,-0.022818312,-0.006711268,0.29011854336652654,0.002876258,,,,,
8.215397596,-0.022818312,-0.006711268,0.2893515412690615,0.002876258,,,,,
8.220831951,-0.022818312,-0.006327767,0.289735042,0.002876258,,,,,
8.227334817,-0.022818312,-0.006327767,0.289735042,0.002876258,,,,,
8.232764403,-0.022818312,-0.006711268,0.29011854336652654,0.003259759,,,,,
8.238193327,-0.022434811,-0.006327767,0.289735042,0.003259759,,,,,
8.243917757,-0.022818312,-0.006711268,0.289735042,0.003259759,,,,,
8.249894513,-0.022818312,-0.006711268,0.289735042,0.003259759,,,,,
8.255314562,-0.022818312,-0.006711268,0.29011854336652654,0.002876258,,,,,
8.260747857,-0.022818312,-0.006711268,0.29011854336652654,0.002876258,,,,,
8.266778655,-0.022818312,-0.006327767,0.289735042,0.003259759,,,,,
8.272747596,-0.022434811,-0.006711268,0.28896804022032896,0.003259759,,,,,
8.278719982,-0.022434811,-0.006327767,0.2893515412690615,0.002876258,,,,,
8.285286824,-0.022434811,-0.006327767,0.2893515412690615,0.003259759,,,,,
8.291254176,-0.022434811,-0.007094769,0.2893515412690615,0.002876258,,,,,
8.297186163,-0.022434811,-0.006711268,0.2893515412690615,0.002876258,,,,,
8.303357628,-0.022818312,-0.006711268,0.28896804022032896,0.003259759,,,,,
8.309414387,-0.022818312,-0.006711268,0.28858453917159466,0.002876258,,,,,
8.315398826,-0.022818312,-0.006327767,0.28896804022032896,0.002876258,,,,,
8.3213879,-0.022818312,-0.006711268,0.28896804022032896,0.002876258,,,,,
8.327385849,-0.022818312,-0.006711268,0.28896804022032896,0.002876258,,,,,
